state,acs_variable,estimate,margin_of_error,estimate_type_population,health_insurance_coverage,private_insurance_coverage,public_coverage,age_group_under_19,age_group_overall,not_in_labor_force,labor_force_Unknown
Alabama,DP03_0096,4307566.0,8603.0,1,1,0,0,0,1,0,1
Alabama,DP03_0096P,90.0,0.2,0,1,0,0,0,1,0,1
Alabama,DP03_0097,3221648.0,15028.0,1,0,1,0,0,1,0,1
Alabama,DP03_0097P,67.3,0.3,0,0,1,0,0,1,0,1
Alabama,DP03_0098,1745707.0,10498.0,1,0,0,1,0,1,0,1
Alabama,DP03_0098P,36.5,0.2,0,0,0,1,0,1,0,1
Alabama,DP03_0099,477474.0,8636.0,1,0,0,0,0,1,0,1
Alabama,DP03_0099P,10.0,0.2,0,0,0,0,0,1,0,1
Alabama,DP03_0101,38671.0,2254.0,1,0,0,0,1,0,0,1
Alabama,DP03_0101P,3.3,0.2,0,0,0,0,1,0,0,1
Alabama,DP03_0105,1682856.0,8255.0,1,1,0,0,0,0,0,0
Alabama,DP03_0105P,87.6,0.3,0,1,0,0,0,0,0,0
Alabama,DP03_0106,1620100.0,8322.0,1,0,1,0,0,0,0,0
Alabama,DP03_0106P,84.3,0.3,0,0,1,0,0,0,0,0
Alabama,DP03_0107,118251.0,3100.0,1,0,0,1,0,0,0,0
Alabama,DP03_0107P,6.2,0.2,0,0,0,1,0,0,0,0
Alabama,DP03_0108,238762.0,4908.0,1,0,0,0,0,0,0,0
Alabama,DP03_0108P,12.4,0.3,0,0,0,0,0,0,0,0
Alabama,DP03_0110,75157.0,2309.0,1,1,0,0,0,0,0,0
Alabama,DP03_0110P,57.1,1.2,0,1,0,0,0,0,0,0
Alabama,DP03_0111,52210.0,1829.0,1,0,1,0,0,0,0,0
Alabama,DP03_0111P,39.7,1.1,0,0,1,0,0,0,0,0
Alabama,DP03_0112,28029.0,1448.0,1,0,0,1,0,0,0,0
Alabama,DP03_0112P,21.3,0.9,0,0,0,1,0,0,0,0
Alabama,DP03_0113,56389.0,2186.0,1,0,0,0,0,0,0,0
Alabama,DP03_0113P,42.9,1.2,0,0,0,0,0,0,0,0
Alabama,DP03_0115,661707.0,4622.0,1,1,0,0,0,0,1,0
Alabama,DP03_0115P,82.5,0.4,0,1,0,0,0,0,1,0
Alabama,DP03_0116,411626.0,3776.0,1,0,1,0,0,0,1,0
Alabama,DP03_0116P,51.3,0.6,0,0,1,0,0,0,1,0
Alabama,DP03_0117,335025.0,4915.0,1,0,0,1,0,0,1,0
Alabama,DP03_0117P,41.8,0.5,0,0,0,1,0,0,1,0
Alabama,DP03_0118,140511.0,3765.0,1,0,0,0,0,0,1,0
Alabama,DP03_0118P,17.5,0.4,0,0,0,0,0,0,1,0
Alaska,DP03_0096,611150.0,3127.0,1,1,0,0,0,1,0,1
Alaska,DP03_0096P,85.6,0.4,0,1,0,0,0,1,0,1
Alaska,DP03_0097,467898.0,4280.0,1,0,1,0,0,1,0,1
Alaska,DP03_0097P,65.5,0.6,0,0,1,0,0,1,0,1
Alaska,DP03_0098,221460.0,3389.0,1,0,0,1,0,1,0,1
Alaska,DP03_0098P,31.0,0.5,0,0,0,1,0,1,0,1
Alaska,DP03_0099,102956.0,3008.0,1,0,0,0,0,1,0,1
Alaska,DP03_0099P,14.4,0.4,0,0,0,0,0,1,0,1
Alaska,DP03_0101,20132.0,1034.0,1,0,0,0,1,0,0,1
Alaska,DP03_0101P,10.3,0.5,0,0,0,0,1,0,0,1
Alaska,DP03_0105,272650.0,2450.0,1,1,0,0,0,0,0,0
Alaska,DP03_0105P,83.8,0.6,0,1,0,0,0,0,0,0
Alaska,DP03_0106,249279.0,2454.0,1,0,1,0,0,0,0,0
Alaska,DP03_0106P,76.6,0.6,0,0,1,0,0,0,0,0
Alaska,DP03_0107,39058.0,1449.0,1,0,0,1,0,0,0,0
Alaska,DP03_0107P,12.0,0.4,0,0,0,1,0,0,0,0
Alaska,DP03_0108,52706.0,1886.0,1,0,0,0,0,0,0,0
Alaska,DP03_0108P,16.2,0.6,0,0,0,0,0,0,0,0
Alaska,DP03_0110,15936.0,833.0,1,1,0,0,0,0,0,0
Alaska,DP03_0110P,63.6,2.3,0,1,0,0,0,0,0,0
Alaska,DP03_0111,8785.0,679.0,1,0,1,0,0,0,0,0
Alaska,DP03_0111P,35.1,2.2,0,0,1,0,0,0,0,0
Alaska,DP03_0112,8540.0,647.0,1,0,0,1,0,0,0,0
Alaska,DP03_0112P,34.1,2.3,0,0,0,1,0,0,0,0
Alaska,DP03_0113,9105.0,775.0,1,0,0,0,0,0,0,0
Alaska,DP03_0113P,36.4,2.3,0,0,0,0,0,0,0,0
Alaska,DP03_0115,71865.0,1493.0,1,1,0,0,0,0,1,0
Alaska,DP03_0115P,78.2,1.0,0,1,0,0,0,0,1,0
Alaska,DP03_0116,46479.0,1400.0,1,0,1,0,0,0,1,0
Alaska,DP03_0116P,50.6,1.1,0,0,1,0,0,0,1,0
Alaska,DP03_0117,32069.0,1151.0,1,0,0,1,0,0,1,0
Alaska,DP03_0117P,34.9,1.2,0,0,0,1,0,0,1,0
Alaska,DP03_0118,20060.0,1020.0,1,0,0,0,0,0,1,0
Alaska,DP03_0118P,21.8,1.0,0,0,0,0,0,0,1,0
Arizona,DP03_0096,6089964.0,10857.0,1,1,0,0,0,1,0,1
Arizona,DP03_0096P,89.1,0.2,0,1,0,0,0,1,0,1
Arizona,DP03_0097,4293325.0,19965.0,1,0,1,0,0,1,0,1
Arizona,DP03_0097P,62.8,0.3,0,0,1,0,0,1,0,1
Arizona,DP03_0098,2620735.0,14716.0,1,0,0,1,0,1,0,1
Arizona,DP03_0098P,38.3,0.2,0,0,0,1,0,1,0,1
Arizona,DP03_0099,748306.0,10907.0,1,0,0,0,0,1,0,1
Arizona,DP03_0099P,10.9,0.2,0,0,0,0,0,1,0,1
Arizona,DP03_0101,147689.0,4098.0,1,0,0,0,1,0,0,1
Arizona,DP03_0101P,8.5,0.2,0,0,0,0,1,0,0,1
Arizona,DP03_0105,2427064.0,10654.0,1,1,0,0,0,0,0,0
Arizona,DP03_0105P,86.3,0.2,0,1,0,0,0,0,0,0
Arizona,DP03_0106,2147866.0,11327.0,1,0,1,0,0,0,0,0
Arizona,DP03_0106P,76.3,0.3,0,0,1,0,0,0,0,0
Arizona,DP03_0107,358698.0,4684.0,1,0,0,1,0,0,0,0
Arizona,DP03_0107P,12.8,0.2,0,0,0,1,0,0,0,0
Arizona,DP03_0108,386163.0,6275.0,1,0,0,0,0,0,0,0
Arizona,DP03_0108P,13.7,0.2,0,0,0,0,0,0,0,0
Arizona,DP03_0110,133035.0,2596.0,1,1,0,0,0,0,0,0
Arizona,DP03_0110P,73.3,0.8,0,1,0,0,0,0,0,0
Arizona,DP03_0111,61502.0,2061.0,1,0,1,0,0,0,0,0
Arizona,DP03_0111P,33.9,0.9,0,0,1,0,0,0,0,0
Arizona,DP03_0112,76854.0,1884.0,1,0,0,1,0,0,0,0
Arizona,DP03_0112P,42.4,0.9,0,0,0,1,0,0,0,0
Arizona,DP03_0113,48365.0,1611.0,1,0,0,0,0,0,0,0
Arizona,DP03_0113P,26.7,0.8,0,0,0,0,0,0,0,0
Arizona,DP03_0115,809961.0,7637.0,1,1,0,0,0,0,1,0
Arizona,DP03_0115P,83.9,0.4,0,1,0,0,0,0,1,0
Arizona,DP03_0116,454949.0,5528.0,1,0,1,0,0,0,1,0
Arizona,DP03_0116P,47.1,0.5,0,0,1,0,0,0,1,0
Arizona,DP03_0117,415195.0,5702.0,1,0,0,1,0,0,1,0
Arizona,DP03_0117P,43.0,0.4,0,0,0,1,0,0,1,0
Arizona,DP03_0118,155544.0,3618.0,1,0,0,0,0,0,1,0
Arizona,DP03_0118P,16.1,0.4,0,0,0,0,0,0,1,0
Arkansas,DP03_0096,2671701.0,5163.0,1,1,0,0,0,1,0,1
Arkansas,DP03_0096P,91.0,0.2,0,1,0,0,0,1,0,1
Arkansas,DP03_0097,1805487.0,11226.0,1,0,1,0,0,1,0,1
Arkansas,DP03_0097P,61.5,0.4,0,0,1,0,0,1,0,1
Arkansas,DP03_0098,1248288.0,8001.0,1,0,0,1,0,1,0,1
Arkansas,DP03_0098P,42.5,0.3,0,0,0,1,0,1,0,1
Arkansas,DP03_0099,265434.0,5245.0,1,0,0,0,0,1,0,1
Arkansas,DP03_0099P,9.0,0.2,0,0,0,0,0,1,0,1
Arkansas,DP03_0101,34775.0,2118.0,1,0,0,0,1,0,0,1
Arkansas,DP03_0101P,4.7,0.3,0,0,0,0,1,0,0,1
Arkansas,DP03_0105,1045178.0,6802.0,1,1,0,0,0,0,0,0
Arkansas,DP03_0105P,87.9,0.3,0,1,0,0,0,0,0,0
Arkansas,DP03_0106,945433.0,6948.0,1,0,1,0,0,0,0,0
Arkansas,DP03_0106P,79.5,0.4,0,0,1,0,0,0,0,0
Arkansas,DP03_0107,139120.0,3049.0,1,0,0,1,0,0,0,0
Arkansas,DP03_0107P,11.7,0.2,0,0,0,1,0,0,0,0
Arkansas,DP03_0108,143683.0,3444.0,1,0,0,0,0,0,0,0
Arkansas,DP03_0108P,12.1,0.3,0,0,0,0,0,0,0,0
Arkansas,DP03_0110,44481.0,1634.0,1,1,0,0,0,0,0,0
Arkansas,DP03_0110P,67.1,1.6,0,1,0,0,0,0,0,0
Arkansas,DP03_0111,22059.0,1005.0,1,0,1,0,0,0,0,0
Arkansas,DP03_0111P,33.3,1.5,0,0,1,0,0,0,0,0
Arkansas,DP03_0112,24309.0,1395.0,1,0,0,1,0,0,0,0
Arkansas,DP03_0112P,36.7,1.5,0,0,0,1,0,0,0,0
Arkansas,DP03_0113,21815.0,1324.0,1,0,0,0,0,0,0,0
Arkansas,DP03_0113P,32.9,1.6,0,0,0,0,0,0,0,0
Arkansas,DP03_0115,402428.0,4976.0,1,1,0,0,0,0,1,0
Arkansas,DP03_0115P,86.5,0.4,0,1,0,0,0,0,1,0
Arkansas,DP03_0116,201869.0,3225.0,1,0,1,0,0,0,1,0
Arkansas,DP03_0116P,43.4,0.6,0,0,1,0,0,0,1,0
Arkansas,DP03_0117,241291.0,3958.0,1,0,0,1,0,0,1,0
Arkansas,DP03_0117P,51.8,0.5,0,0,0,1,0,0,1,0
Arkansas,DP03_0118,62965.0,2201.0,1,0,0,0,0,0,1,0
Arkansas,DP03_0118P,13.5,0.4,0,0,0,0,0,0,1,0
California,DP03_0096,35373781.0,28989.0,1,1,0,0,0,1,0,1
California,DP03_0096P,91.5,0.1,0,1,0,0,0,1,0,1
California,DP03_0097,24501734.0,75277.0,1,0,1,0,0,1,0,1
California,DP03_0097P,63.4,0.2,0,0,1,0,0,1,0,1
California,DP03_0098,14387695.0,38276.0,1,0,0,1,0,1,0,1
California,DP03_0098P,37.2,0.1,0,0,0,1,0,1,0,1
California,DP03_0099,3280167.0,29604.0,1,0,0,0,0,1,0,1
California,DP03_0099P,8.5,0.1,0,0,0,0,0,1,0,1
California,DP03_0101,360515.0,5967.0,1,0,0,0,1,0,0,1
California,DP03_0101P,3.8,0.1,0,0,0,0,1,0,0,1
California,DP03_0105,15270242.0,30946.0,1,1,0,0,0,0,0,0
California,DP03_0105P,89.1,0.1,0,1,0,0,0,0,0,0
California,DP03_0106,13176029.0,35189.0,1,0,1,0,0,0,0,0
California,DP03_0106P,76.9,0.2,0,0,1,0,0,0,0,0
California,DP03_0107,2478403.0,12206.0,1,0,0,1,0,0,0,0
California,DP03_0107P,14.5,0.1,0,0,0,1,0,0,0,0
California,DP03_0108,1874357.0,19160.0,1,0,0,0,0,0,0,0
California,DP03_0108P,10.9,0.1,0,0,0,0,0,0,0,0
California,DP03_0110,924894.0,8595.0,1,1,0,0,0,0,0,0
California,DP03_0110P,78.1,0.4,0,1,0,0,0,0,0,0
California,DP03_0111,469416.0,6275.0,1,0,1,0,0,0,0,0
California,DP03_0111P,39.6,0.4,0,0,1,0,0,0,0,0
California,DP03_0112,487759.0,5716.0,1,0,0,1,0,0,0,0
California,DP03_0112P,41.2,0.4,0,0,0,1,0,0,0,0
California,DP03_0113,259778.0,4914.0,1,0,0,0,0,0,0,0
California,DP03_0113P,21.9,0.4,0,0,0,0,0,0,0,0
California,DP03_0115,4788567.0,17222.0,1,1,0,0,0,0,1,0
California,DP03_0115P,86.9,0.1,0,1,0,0,0,0,1,0
California,DP03_0116,2740407.0,14373.0,1,0,1,0,0,0,1,0
California,DP03_0116P,49.7,0.3,0,0,1,0,0,0,1,0
California,DP03_0117,2329747.0,16730.0,1,0,0,1,0,0,1,0
California,DP03_0117P,42.3,0.2,0,0,0,1,0,0,1,0
California,DP03_0118,724567.0,8031.0,1,0,0,0,0,0,1,0
California,DP03_0118P,13.1,0.1,0,0,0,0,0,0,1,0
Colorado,DP03_0096,4997417.0,7562.0,1,1,0,0,0,1,0,1
Colorado,DP03_0096P,91.9,0.1,0,1,0,0,0,1,0,1
Colorado,DP03_0097,3834101.0,14106.0,1,0,1,0,0,1,0,1
Colorado,DP03_0097P,70.5,0.3,0,0,1,0,0,1,0,1
Colorado,DP03_0098,1739826.0,10632.0,1,0,0,1,0,1,0,1
Colorado,DP03_0098P,32.0,0.2,0,0,0,1,0,1,0,1
Colorado,DP03_0099,441850.0,7829.0,1,0,0,0,0,1,0,1
Colorado,DP03_0099P,8.1,0.1,0,0,0,0,0,1,0,1
Colorado,DP03_0101,61939.0,2605.0,1,0,0,0,1,0,0,1
Colorado,DP03_0101P,4.7,0.2,0,0,0,0,1,0,0,1
Colorado,DP03_0105,2351637.0,8017.0,1,1,0,0,0,0,0,0
Colorado,DP03_0105P,89.6,0.2,0,1,0,0,0,0,0,0
Colorado,DP03_0106,2125693.0,9468.0,1,0,1,0,0,0,0,0
Colorado,DP03_0106P,81.0,0.3,0,0,1,0,0,0,0,0
Colorado,DP03_0107,296686.0,4564.0,1,0,0,1,0,0,0,0
Colorado,DP03_0107P,11.3,0.2,0,0,0,1,0,0,0,0
Colorado,DP03_0108,273428.0,5756.0,1,0,0,0,0,0,0,0
Colorado,DP03_0108P,10.4,0.2,0,0,0,0,0,0,0,0
Colorado,DP03_0110,94515.0,2305.0,1,1,0,0,0,0,0,0
Colorado,DP03_0110P,78.3,0.9,0,1,0,0,0,0,0,0
Colorado,DP03_0111,53367.0,1857.0,1,0,1,0,0,0,0,0
Colorado,DP03_0111P,44.2,1.2,0,0,1,0,0,0,0,0
Colorado,DP03_0112,45362.0,1840.0,1,0,0,1,0,0,0,0
Colorado,DP03_0112P,37.6,1.3,0,0,0,1,0,0,0,0
Colorado,DP03_0113,26167.0,1126.0,1,0,0,0,0,0,0,0
Colorado,DP03_0113P,21.7,0.9,0,0,0,0,0,0,0,0
Colorado,DP03_0115,562112.0,4540.0,1,1,0,0,0,0,1,0
Colorado,DP03_0115P,88.3,0.3,0,1,0,0,0,0,1,0
Colorado,DP03_0116,365417.0,3737.0,1,0,1,0,0,0,1,0
Colorado,DP03_0116P,57.4,0.5,0,0,1,0,0,0,1,0
Colorado,DP03_0117,238999.0,3492.0,1,0,0,1,0,0,1,0
Colorado,DP03_0117P,37.5,0.4,0,0,0,1,0,0,1,0
Colorado,DP03_0118,74605.0,2014.0,1,0,0,0,0,0,1,0
Colorado,DP03_0118P,11.7,0.3,0,0,0,0,0,0,1,0
Connecticut,DP03_0096,3333279.0,4703.0,1,1,0,0,0,1,0,1
Connecticut,DP03_0096P,94.4,0.1,0,1,0,0,0,1,0,1
Connecticut,DP03_0097,2536358.0,9839.0,1,0,1,0,0,1,0,1
Connecticut,DP03_0097P,71.8,0.3,0,0,1,0,0,1,0,1
Connecticut,DP03_0098,1214576.0,7623.0,1,0,0,1,0,1,0,1
Connecticut,DP03_0098P,34.4,0.2,0,0,0,1,0,1,0,1
Connecticut,DP03_0099,196809.0,4702.0,1,0,0,0,0,1,0,1
Connecticut,DP03_0099P,5.6,0.1,0,0,0,0,0,1,0,1
Connecticut,DP03_0101,25461.0,1671.0,1,0,0,0,1,0,0,1
Connecticut,DP03_0101P,3.2,0.2,0,0,0,0,1,0,0,1
Connecticut,DP03_0105,1533230.0,5734.0,1,1,0,0,0,0,0,0
Connecticut,DP03_0105P,93.0,0.2,0,1,0,0,0,0,0,0
Connecticut,DP03_0106,1372294.0,6642.0,1,0,1,0,0,0,0,0
Connecticut,DP03_0106P,83.2,0.3,0,0,1,0,0,0,0,0
Connecticut,DP03_0107,193914.0,3593.0,1,0,0,1,0,0,0,0
Connecticut,DP03_0107P,11.8,0.2,0,0,0,1,0,0,0,0
Connecticut,DP03_0108,116167.0,3042.0,1,0,0,0,0,0,0,0
Connecticut,DP03_0108P,7.0,0.2,0,0,0,0,0,0,0,0
Connecticut,DP03_0110,90360.0,2114.0,1,1,0,0,0,0,0,0
Connecticut,DP03_0110P,84.0,1.0,0,1,0,0,0,0,0,0
Connecticut,DP03_0111,45338.0,1325.0,1,0,1,0,0,0,0,0
Connecticut,DP03_0111P,42.2,1.1,0,0,1,0,0,0,0,0
Connecticut,DP03_0112,47813.0,1712.0,1,0,0,1,0,0,0,0
Connecticut,DP03_0112P,44.5,1.2,0,0,0,1,0,0,0,0
Connecticut,DP03_0113,17154.0,1098.0,1,0,0,0,0,0,0,0
Connecticut,DP03_0113P,16.0,1.0,0,0,0,0,0,0,0,0
Connecticut,DP03_0115,367110.0,3989.0,1,1,0,0,0,0,1,0
Connecticut,DP03_0115P,91.5,0.4,0,1,0,0,0,0,1,0
Connecticut,DP03_0116,228602.0,2746.0,1,0,1,0,0,0,1,0
Connecticut,DP03_0116P,57.0,0.6,0,0,1,0,0,0,1,0
Connecticut,DP03_0117,159508.0,3095.0,1,0,0,1,0,0,1,0
Connecticut,DP03_0117P,39.7,0.5,0,0,0,1,0,0,1,0
Connecticut,DP03_0118,34275.0,1559.0,1,0,0,0,0,0,1,0
Connecticut,DP03_0118P,8.5,0.4,0,0,0,0,0,0,1,0
Delaware,DP03_0096,878252.0,2056.0,1,1,0,0,0,1,0,1
Delaware,DP03_0096P,94.0,0.2,0,1,0,0,0,1,0,1
Delaware,DP03_0097,674095.0,4893.0,1,0,1,0,0,1,0,1
Delaware,DP03_0097P,72.1,0.5,0,0,1,0,0,1,0,1
Delaware,DP03_0098,347151.0,4462.0,1,0,0,1,0,1,0,1
Delaware,DP03_0098P,37.1,0.5,0,0,0,1,0,1,0,1
Delaware,DP03_0099,56491.0,2083.0,1,0,0,0,0,1,0,1
Delaware,DP03_0099P,6.0,0.2,0,0,0,0,0,1,0,1
Delaware,DP03_0101,8597.0,898.0,1,0,0,0,1,0,0,1
Delaware,DP03_0101P,4.0,0.4,0,0,0,0,1,0,0,1
Delaware,DP03_0105,379800.0,2891.0,1,1,0,0,0,0,0,0
Delaware,DP03_0105P,92.3,0.4,0,1,0,0,0,0,0,0
Delaware,DP03_0106,343362.0,3139.0,1,0,1,0,0,0,0,0
Delaware,DP03_0106P,83.4,0.6,0,0,1,0,0,0,0,0
Delaware,DP03_0107,47481.0,1785.0,1,0,0,1,0,0,0,0
Delaware,DP03_0107P,11.5,0.4,0,0,0,1,0,0,0,0
Delaware,DP03_0108,31746.0,1493.0,1,0,0,0,0,0,0,0
Delaware,DP03_0108P,7.7,0.4,0,0,0,0,0,0,0,0
Delaware,DP03_0110,20725.0,938.0,1,1,0,0,0,0,0,0
Delaware,DP03_0110P,84.2,1.6,0,1,0,0,0,0,0,0
Delaware,DP03_0111,10368.0,740.0,1,0,1,0,0,0,0,0
Delaware,DP03_0111P,42.1,2.5,0,0,1,0,0,0,0,0
Delaware,DP03_0112,11361.0,784.0,1,0,0,1,0,0,0,0
Delaware,DP03_0112P,46.1,2.6,0,0,0,1,0,0,0,0
Delaware,DP03_0113,3902.0,471.0,1,0,0,0,0,0,0,0
Delaware,DP03_0113P,15.8,1.6,0,0,0,0,0,0,0,0
Delaware,DP03_0115,108118.0,2156.0,1,1,0,0,0,0,1,0
Delaware,DP03_0115P,90.7,0.7,0,1,0,0,0,0,1,0
Delaware,DP03_0116,67040.0,1823.0,1,0,1,0,0,0,1,0
Delaware,DP03_0116P,56.2,1.0,0,0,1,0,0,0,1,0
Delaware,DP03_0117,51423.0,1705.0,1,0,0,1,0,0,1,0
Delaware,DP03_0117P,43.1,1.2,0,0,0,1,0,0,1,0
Delaware,DP03_0118,11068.0,884.0,1,0,0,0,0,0,1,0
Delaware,DP03_0118P,9.3,0.7,0,0,0,0,0,0,1,0
District of Columbia,DP03_0096,647170.0,1939.0,1,1,0,0,0,1,0,1
District of Columbia,DP03_0096P,96.0,0.3,0,1,0,0,0,1,0,1
District of Columbia,DP03_0097,469473.0,2922.0,1,0,1,0,0,1,0,1
District of Columbia,DP03_0097P,69.6,0.4,0,0,1,0,0,1,0,1
District of Columbia,DP03_0098,242603.0,2948.0,1,0,0,1,0,1,0,1
District of Columbia,DP03_0098P,36.0,0.4,0,0,0,1,0,1,0,1
District of Columbia,DP03_0099,27088.0,1902.0,1,0,0,0,0,1,0,1
District of Columbia,DP03_0099P,4.0,0.3,0,0,0,0,0,1,0,1
District of Columbia,DP03_0101,2749.0,573.0,1,0,0,0,1,0,0,1
District of Columbia,DP03_0101P,2.1,0.4,0,0,0,0,1,0,0,1
District of Columbia,DP03_0105,331623.0,2436.0,1,1,0,0,0,0,0,0
District of Columbia,DP03_0105P,95.6,0.3,0,1,0,0,0,0,0,0
District of Columbia,DP03_0106,293753.0,2482.0,1,0,1,0,0,0,0,0
District of Columbia,DP03_0106P,84.7,0.5,0,0,1,0,0,0,0,0
District of Columbia,DP03_0107,45220.0,1536.0,1,0,0,1,0,0,0,0
District of Columbia,DP03_0107P,13.0,0.4,0,0,0,1,0,0,0,0
District of Columbia,DP03_0108,15189.0,1178.0,1,0,0,0,0,0,0,0
District of Columbia,DP03_0108P,4.4,0.3,0,0,0,0,0,0,0,0
District of Columbia,DP03_0110,24303.0,1113.0,1,1,0,0,0,0,0,0
District of Columbia,DP03_0110P,89.2,1.5,0,1,0,0,0,0,0,0
District of Columbia,DP03_0111,8876.0,728.0,1,0,1,0,0,0,0,0
District of Columbia,DP03_0111P,32.6,2.3,0,0,1,0,0,0,0,0
District of Columbia,DP03_0112,16433.0,974.0,1,0,0,1,0,0,0,0
District of Columbia,DP03_0112P,60.3,2.5,0,0,0,1,0,0,0,0
District of Columbia,DP03_0113,2933.0,434.0,1,0,0,0,0,0,0,0
District of Columbia,DP03_0113P,10.8,1.5,0,0,0,0,0,0,0,0
District of Columbia,DP03_0115,83690.0,2010.0,1,1,0,0,0,0,1,0
District of Columbia,DP03_0115P,93.7,0.7,0,1,0,0,0,0,1,0
District of Columbia,DP03_0116,43181.0,1475.0,1,0,1,0,0,0,1,0
District of Columbia,DP03_0116P,48.3,1.2,0,0,1,0,0,0,1,0
District of Columbia,DP03_0117,45594.0,1464.0,1,0,0,1,0,0,1,0
District of Columbia,DP03_0117P,51.0,1.2,0,0,0,1,0,0,1,0
District of Columbia,DP03_0118,5665.0,683.0,1,0,0,0,0,0,1,0
District of Columbia,DP03_0118P,6.3,0.7,0,0,0,0,0,0,1,0
Florida,DP03_0096,17543755.0,29815.0,1,1,0,0,0,1,0,1
Florida,DP03_0096P,86.5,0.1,0,1,0,0,0,1,0,1
Florida,DP03_0097,12563057.0,51907.0,1,0,1,0,0,1,0,1
Florida,DP03_0097P,61.9,0.3,0,0,1,0,0,1,0,1
Florida,DP03_0098,7481815.0,22596.0,1,0,0,1,0,1,0,1
Florida,DP03_0098P,36.9,0.1,0,0,0,1,0,1,0,1
Florida,DP03_0099,2744513.0,30343.0,1,0,0,0,0,1,0,1
Florida,DP03_0099P,13.5,0.1,0,0,0,0,0,1,0,1
Florida,DP03_0101,335398.0,6544.0,1,0,0,0,1,0,0,1
Florida,DP03_0101P,7.6,0.1,0,0,0,0,1,0,0,1
Florida,DP03_0105,7014436.0,27373.0,1,1,0,0,0,0,0,0
Florida,DP03_0105P,82.3,0.2,0,1,0,0,0,0,0,0
Florida,DP03_0106,6566086.0,27523.0,1,0,1,0,0,0,0,0
Florida,DP03_0106P,77.0,0.2,0,0,1,0,0,0,0,0
Florida,DP03_0107,652329.0,7942.0,1,0,0,1,0,0,0,0
Florida,DP03_0107P,7.6,0.1,0,0,0,1,0,0,0,0
Florida,DP03_0108,1513667.0,19458.0,1,0,0,0,0,0,0,0
Florida,DP03_0108P,17.7,0.2,0,0,0,0,0,0,0,0
Florida,DP03_0110,321901.0,5084.0,1,1,0,0,0,0,0,0
Florida,DP03_0110P,58.3,0.7,0,1,0,0,0,0,0,0
Florida,DP03_0111,207679.0,4403.0,1,0,1,0,0,0,0,0
Florida,DP03_0111P,37.6,0.7,0,0,1,0,0,0,0,0
Florida,DP03_0112,128749.0,3278.0,1,0,0,1,0,0,0,0
Florida,DP03_0112P,23.3,0.5,0,0,0,1,0,0,0,0
Florida,DP03_0113,230037.0,5103.0,1,0,0,0,0,0,0,0
Florida,DP03_0113P,41.7,0.7,0,0,0,0,0,0,0,0
Florida,DP03_0115,2207259.0,13123.0,1,1,0,0,0,0,1,0
Florida,DP03_0115P,78.2,0.3,0,1,0,0,0,0,1,0
Florida,DP03_0116,1402862.0,10285.0,1,0,1,0,0,0,1,0
Florida,DP03_0116P,49.7,0.4,0,0,1,0,0,0,1,0
Florida,DP03_0117,993287.0,10671.0,1,0,0,1,0,0,1,0
Florida,DP03_0117P,35.2,0.3,0,0,0,1,0,0,1,0
Florida,DP03_0118,613833.0,9147.0,1,0,0,0,0,0,1,0
Florida,DP03_0118P,21.8,0.3,0,0,0,0,0,0,1,0
Georgia,DP03_0096,8719886.0,17467.0,1,1,0,0,0,1,0,1
Georgia,DP03_0096P,86.3,0.2,0,1,0,0,0,1,0,1
Georgia,DP03_0097,6645864.0,29138.0,1,0,1,0,0,1,0,1
Georgia,DP03_0097P,65.7,0.3,0,0,1,0,0,1,0,1
Georgia,DP03_0098,3108401.0,13833.0,1,0,0,1,0,1,0,1
Georgia,DP03_0098P,30.7,0.1,0,0,0,1,0,1,0,1
Georgia,DP03_0099,1389541.0,17855.0,1,0,0,0,0,1,0,1
Georgia,DP03_0099P,13.7,0.2,0,0,0,0,0,1,0,1
Georgia,DP03_0101,196064.0,4893.0,1,0,0,0,1,0,0,1
Georgia,DP03_0101P,7.4,0.2,0,0,0,0,1,0,0,1
Georgia,DP03_0105,3688804.0,15767.0,1,1,0,0,0,0,0,0
Georgia,DP03_0105P,83.7,0.2,0,1,0,0,0,0,0,0
Georgia,DP03_0106,3547568.0,15988.0,1,0,1,0,0,0,0,0
Georgia,DP03_0106P,80.5,0.3,0,0,1,0,0,0,0,0
Georgia,DP03_0107,242876.0,4613.0,1,0,0,1,0,0,0,0
Georgia,DP03_0107P,5.5,0.1,0,0,0,1,0,0,0,0
Georgia,DP03_0108,719862.0,10393.0,1,0,0,0,0,0,0,0
Georgia,DP03_0108P,16.3,0.2,0,0,0,0,0,0,0,0
Georgia,DP03_0110,160257.0,3162.0,1,1,0,0,0,0,0,0
Georgia,DP03_0110P,56.0,0.8,0,1,0,0,0,0,0,0
Georgia,DP03_0111,114186.0,2669.0,1,0,1,0,0,0,0,0
Georgia,DP03_0111P,39.9,0.8,0,0,1,0,0,0,0,0
Georgia,DP03_0112,53393.0,1972.0,1,0,0,1,0,0,0,0
Georgia,DP03_0112P,18.7,0.6,0,0,0,1,0,0,0,0
Georgia,DP03_0113,125960.0,3069.0,1,0,0,0,0,0,0,0
Georgia,DP03_0113P,44.0,0.8,0,0,0,0,0,0,0,0
Georgia,DP03_0115,1106866.0,7505.0,1,1,0,0,0,0,1,0
Georgia,DP03_0115P,76.7,0.4,0,1,0,0,0,0,1,0
Georgia,DP03_0116,735333.0,6252.0,1,0,1,0,0,0,1,0
Georgia,DP03_0116P,51.0,0.5,0,0,1,0,0,0,1,0
Georgia,DP03_0117,479318.0,6329.0,1,0,0,1,0,0,1,0
Georgia,DP03_0117P,33.2,0.3,0,0,0,1,0,0,1,0
Georgia,DP03_0118,336300.0,6569.0,1,0,0,0,0,0,1,0
Georgia,DP03_0118P,23.3,0.4,0,0,0,0,0,0,1,0
Hawaii,DP03_0096,1314884.0,2147.0,1,1,0,0,0,1,0,1
Hawaii,DP03_0096P,95.9,0.2,0,1,0,0,0,1,0,1
Hawaii,DP03_0097,1050936.0,4632.0,1,0,1,0,0,1,0,1
Hawaii,DP03_0097P,76.7,0.3,0,0,1,0,0,1,0,1
Hawaii,DP03_0098,469008.0,4716.0,1,0,0,1,0,1,0,1
Hawaii,DP03_0098P,34.2,0.3,0,0,0,1,0,1,0,1
Hawaii,DP03_0099,55624.0,2109.0,1,0,0,0,0,1,0,1
Hawaii,DP03_0099P,4.1,0.2,0,0,0,0,0,1,0,1
Hawaii,DP03_0101,7665.0,707.0,1,0,0,0,1,0,0,1
Hawaii,DP03_0101P,2.4,0.2,0,0,0,0,1,0,0,1
Hawaii,DP03_0105,589839.0,3037.0,1,1,0,0,0,0,0,0
Hawaii,DP03_0105P,95.8,0.2,0,1,0,0,0,0,0,0
Hawaii,DP03_0106,548867.0,3305.0,1,0,1,0,0,0,0,0
Hawaii,DP03_0106P,89.2,0.3,0,0,1,0,0,0,0,0
Hawaii,DP03_0107,62041.0,2008.0,1,0,0,1,0,0,0,0
Hawaii,DP03_0107P,10.1,0.3,0,0,0,1,0,0,0,0
Hawaii,DP03_0108,25580.0,1156.0,1,0,0,0,0,0,0,0
Hawaii,DP03_0108P,4.2,0.2,0,0,0,0,0,0,0,0
Hawaii,DP03_0110,23247.0,928.0,1,1,0,0,0,0,0,0
Hawaii,DP03_0110P,81.3,1.7,0,1,0,0,0,0,0,0
Hawaii,DP03_0111,13049.0,757.0,1,0,1,0,0,0,0,0
Hawaii,DP03_0111P,45.6,2.3,0,0,1,0,0,0,0,0
Hawaii,DP03_0112,10974.0,716.0,1,0,0,1,0,0,0,0
Hawaii,DP03_0112P,38.4,2.0,0,0,0,1,0,0,0,0
Hawaii,DP03_0113,5358.0,567.0,1,0,0,0,0,0,0,0
Hawaii,DP03_0113P,18.7,1.7,0,0,0,0,0,0,0,0
Hawaii,DP03_0115,147888.0,2527.0,1,1,0,0,0,0,1,0
Hawaii,DP03_0115P,90.4,0.6,0,1,0,0,0,0,1,0
Hawaii,DP03_0116,95826.0,1642.0,1,0,1,0,0,0,1,0
Hawaii,DP03_0116P,58.6,0.7,0,0,1,0,0,0,1,0
Hawaii,DP03_0117,63161.0,1927.0,1,0,0,1,0,0,1,0
Hawaii,DP03_0117P,38.6,0.9,0,0,0,1,0,0,1,0
Hawaii,DP03_0118,15628.0,1015.0,1,0,0,0,0,0,1,0
Hawaii,DP03_0118P,9.6,0.6,0,0,0,0,0,0,1,0
Idaho,DP03_0096,1482628.0,4647.0,1,1,0,0,0,1,0,1
Idaho,DP03_0096P,89.0,0.3,0,1,0,0,0,1,0,1
Idaho,DP03_0097,1162744.0,7142.0,1,0,1,0,0,1,0,1
Idaho,DP03_0097P,69.8,0.4,0,0,1,0,0,1,0,1
Idaho,DP03_0098,536562.0,4950.0,1,0,0,1,0,1,0,1
Idaho,DP03_0098P,32.2,0.3,0,0,0,1,0,1,0,1
Idaho,DP03_0099,183747.0,4648.0,1,0,0,0,0,1,0,1
Idaho,DP03_0099P,11.0,0.3,0,0,0,0,0,1,0,1
Idaho,DP03_0101,26724.0,1768.0,1,0,0,0,1,0,0,1
Idaho,DP03_0101P,5.8,0.4,0,0,0,0,1,0,0,1
Idaho,DP03_0105,598183.0,4324.0,1,1,0,0,0,0,0,0
Idaho,DP03_0105P,85.0,0.4,0,1,0,0,0,0,0,0
Idaho,DP03_0106,573600.0,4306.0,1,0,1,0,0,0,0,0
Idaho,DP03_0106P,81.5,0.4,0,0,1,0,0,0,0,0
Idaho,DP03_0107,45048.0,1766.0,1,0,0,1,0,0,0,0
Idaho,DP03_0107P,6.4,0.2,0,0,0,1,0,0,0,0
Idaho,DP03_0108,105568.0,2800.0,1,0,0,0,0,0,0,0
Idaho,DP03_0108P,15.0,0.4,0,0,0,0,0,0,0,0
Idaho,DP03_0110,19252.0,1142.0,1,1,0,0,0,0,0,0
Idaho,DP03_0110P,61.5,2.0,0,1,0,0,0,0,0,0
Idaho,DP03_0111,14328.0,1030.0,1,0,1,0,0,0,0,0
Idaho,DP03_0111P,45.7,2.5,0,0,1,0,0,0,0,0
Idaho,DP03_0112,6036.0,599.0,1,0,0,1,0,0,0,0
Idaho,DP03_0112P,19.3,1.6,0,0,0,1,0,0,0,0
Idaho,DP03_0113,12076.0,872.0,1,0,0,0,0,0,0,0
Idaho,DP03_0113P,38.5,2.0,0,0,0,0,0,0,0,0
Idaho,DP03_0115,179644.0,2928.0,1,1,0,0,0,0,1,0
Idaho,DP03_0115P,82.4,0.7,0,1,0,0,0,0,1,0
Idaho,DP03_0116,128239.0,2736.0,1,0,1,0,0,0,1,0
Idaho,DP03_0116P,58.8,1.0,0,0,1,0,0,0,1,0
Idaho,DP03_0117,69929.0,2089.0,1,0,0,1,0,0,1,0
Idaho,DP03_0117P,32.1,0.9,0,0,0,1,0,0,1,0
Idaho,DP03_0118,38400.0,1777.0,1,0,0,0,0,0,1,0
Idaho,DP03_0118P,17.6,0.7,0,0,0,0,0,0,1,0
Illinois,DP03_0096,11714595.0,13128.0,1,1,0,0,0,1,0,1
Illinois,DP03_0096P,92.7,0.1,0,1,0,0,0,1,0,1
Illinois,DP03_0097,8847326.0,28714.0,1,0,1,0,0,1,0,1
Illinois,DP03_0097P,70.0,0.2,0,0,1,0,0,1,0,1
Illinois,DP03_0098,4244179.0,17233.0,1,0,0,1,0,1,0,1
Illinois,DP03_0098P,33.6,0.1,0,0,0,1,0,1,0,1
Illinois,DP03_0099,928612.0,13081.0,1,0,0,0,0,1,0,1
Illinois,DP03_0099P,7.3,0.1,0,0,0,0,0,1,0,1
Illinois,DP03_0101,95362.0,3117.0,1,0,0,0,1,0,0,1
Illinois,DP03_0101P,3.1,0.1,0,0,0,0,1,0,0,1
Illinois,DP03_0105,5241629.0,15529.0,1,1,0,0,0,0,0,0
Illinois,DP03_0105P,90.9,0.1,0,1,0,0,0,0,0,0
Illinois,DP03_0106,4779063.0,16914.0,1,0,1,0,0,0,0,0
Illinois,DP03_0106P,82.9,0.2,0,0,1,0,0,0,0,0
Illinois,DP03_0107,574136.0,5876.0,1,0,0,1,0,0,0,0
Illinois,DP03_0107P,10.0,0.1,0,0,0,1,0,0,0,0
Illinois,DP03_0108,525467.0,8137.0,1,0,0,0,0,0,0,0
Illinois,DP03_0108P,9.1,0.1,0,0,0,0,0,0,0,0
Illinois,DP03_0110,296108.0,4048.0,1,1,0,0,0,0,0,0
Illinois,DP03_0110P,76.6,0.5,0,1,0,0,0,0,0,0
Illinois,DP03_0111,153042.0,2741.0,1,0,1,0,0,0,0,0
Illinois,DP03_0111P,39.6,0.6,0,0,1,0,0,0,0,0
Illinois,DP03_0112,152028.0,2924.0,1,0,0,1,0,0,0,0
Illinois,DP03_0112P,39.3,0.6,0,0,0,1,0,0,0,0
Illinois,DP03_0113,90287.0,2275.0,1,0,0,0,0,0,0,0
Illinois,DP03_0113P,23.4,0.5,0,0,0,0,0,0,0,0
Illinois,DP03_0115,1363269.0,9310.0,1,1,0,0,0,0,1,0
Illinois,DP03_0115P,87.2,0.2,0,1,0,0,0,0,1,0
Illinois,DP03_0116,854615.0,6483.0,1,0,1,0,0,0,1,0
Illinois,DP03_0116P,54.7,0.4,0,0,1,0,0,0,1,0
Illinois,DP03_0117,588585.0,6841.0,1,0,0,1,0,0,1,0
Illinois,DP03_0117P,37.6,0.3,0,0,0,1,0,0,1,0
Illinois,DP03_0118,200421.0,4284.0,1,0,0,0,0,0,1,0
Illinois,DP03_0118P,12.8,0.2,0,0,0,0,0,0,1,0
Indiana,DP03_0096,5941997.0,9513.0,1,1,0,0,0,1,0,1
Indiana,DP03_0096P,90.9,0.1,0,1,0,0,0,1,0,1
Indiana,DP03_0097,4604459.0,17774.0,1,0,1,0,0,1,0,1
Indiana,DP03_0097P,70.4,0.3,0,0,1,0,0,1,0,1
Indiana,DP03_0098,2126240.0,11808.0,1,0,0,1,0,1,0,1
Indiana,DP03_0098P,32.5,0.2,0,0,0,1,0,1,0,1
Indiana,DP03_0099,596543.0,9610.0,1,0,0,0,0,1,0,1
Indiana,DP03_0099P,9.1,0.1,0,0,0,0,0,1,0,1
Indiana,DP03_0101,109691.0,3615.0,1,0,0,0,1,0,0,1
Indiana,DP03_0101P,6.6,0.2,0,0,0,0,1,0,0,1
Indiana,DP03_0105,2598394.0,9371.0,1,1,0,0,0,0,0,0
Indiana,DP03_0105P,89.3,0.2,0,1,0,0,0,0,0,0
Indiana,DP03_0106,2435594.0,10195.0,1,0,1,0,0,0,0,0
Indiana,DP03_0106P,83.7,0.2,0,0,1,0,0,0,0,0
Indiana,DP03_0107,228241.0,3529.0,1,0,0,1,0,0,0,0
Indiana,DP03_0107P,7.8,0.1,0,0,0,1,0,0,0,0
Indiana,DP03_0108,312525.0,5233.0,1,0,0,0,0,0,0,0
Indiana,DP03_0108P,10.7,0.2,0,0,0,0,0,0,0,0
Indiana,DP03_0110,105647.0,2093.0,1,1,0,0,0,0,0,0
Indiana,DP03_0110P,67.3,1.0,0,1,0,0,0,0,0,0
Indiana,DP03_0111,63823.0,1699.0,1,0,1,0,0,0,0,0
Indiana,DP03_0111P,40.6,1.0,0,0,1,0,0,0,0,0
Indiana,DP03_0112,46283.0,1526.0,1,0,0,1,0,0,0,0
Indiana,DP03_0112P,29.5,0.8,0,0,0,1,0,0,0,0
Indiana,DP03_0113,51423.0,1956.0,1,0,0,0,0,0,0,0
Indiana,DP03_0113P,32.7,1.0,0,0,0,0,0,0,0,0
Indiana,DP03_0115,725666.0,5279.0,1,1,0,0,0,0,1,0
Indiana,DP03_0115P,86.0,0.3,0,1,0,0,0,0,1,0
Indiana,DP03_0116,444631.0,4384.0,1,0,1,0,0,0,1,0
Indiana,DP03_0116P,52.7,0.5,0,0,1,0,0,0,1,0
Indiana,DP03_0117,341151.0,4275.0,1,0,0,1,0,0,1,0
Indiana,DP03_0117P,40.4,0.4,0,0,0,1,0,0,1,0
Indiana,DP03_0118,117760.0,3094.0,1,0,0,0,0,0,1,0
Indiana,DP03_0118P,14.0,0.3,0,0,0,0,0,0,1,0
Iowa,DP03_0096,2936373.0,4190.0,1,1,0,0,0,1,0,1
Iowa,DP03_0096P,95.1,0.1,0,1,0,0,0,1,0,1
Iowa,DP03_0097,2337073.0,8572.0,1,0,1,0,0,1,0,1
Iowa,DP03_0097P,75.7,0.3,0,0,1,0,0,1,0,1
Iowa,DP03_0098,1046018.0,5850.0,1,0,0,1,0,1,0,1
Iowa,DP03_0098P,33.9,0.2,0,0,0,1,0,1,0,1
Iowa,DP03_0099,152469.0,4218.0,1,0,0,0,0,1,0,1
Iowa,DP03_0099P,4.9,0.1,0,0,0,0,0,1,0,1
Iowa,DP03_0101,23736.0,1595.0,1,0,0,0,1,0,0,1
Iowa,DP03_0101P,3.1,0.2,0,0,0,0,1,0,0,1
Iowa,DP03_0105,1370083.0,5299.0,1,1,0,0,0,0,0,0
Iowa,DP03_0105P,93.9,0.2,0,1,0,0,0,0,0,0
Iowa,DP03_0106,1265307.0,5803.0,1,0,1,0,0,0,0,0
Iowa,DP03_0106P,86.7,0.3,0,0,1,0,0,0,0,0
Iowa,DP03_0107,146921.0,2787.0,1,0,0,1,0,0,0,0
Iowa,DP03_0107P,10.1,0.2,0,0,0,1,0,0,0,0
Iowa,DP03_0108,88762.0,2684.0,1,0,0,0,0,0,0,0
Iowa,DP03_0108P,6.1,0.2,0,0,0,0,0,0,0,0
Iowa,DP03_0110,44290.0,1522.0,1,1,0,0,0,0,0,0
Iowa,DP03_0110P,79.9,1.2,0,1,0,0,0,0,0,0
Iowa,DP03_0111,24868.0,1251.0,1,0,1,0,0,0,0,0
Iowa,DP03_0111P,44.9,1.9,0,0,1,0,0,0,0,0
Iowa,DP03_0112,21775.0,1152.0,1,0,0,1,0,0,0,0
Iowa,DP03_0112P,39.3,1.6,0,0,0,1,0,0,0,0
Iowa,DP03_0113,11124.0,752.0,1,0,0,0,0,0,0,0
Iowa,DP03_0113P,20.1,1.2,0,0,0,0,0,0,0,0
Iowa,DP03_0115,283438.0,3733.0,1,1,0,0,0,0,1,0
Iowa,DP03_0115P,91.1,0.4,0,1,0,0,0,0,1,0
Iowa,DP03_0116,180675.0,2986.0,1,0,1,0,0,0,1,0
Iowa,DP03_0116P,58.1,0.7,0,0,1,0,0,0,1,0
Iowa,DP03_0117,127366.0,2613.0,1,0,0,1,0,0,1,0
Iowa,DP03_0117P,40.9,0.6,0,0,0,1,0,0,1,0
Iowa,DP03_0118,27636.0,1193.0,1,0,0,0,0,0,1,0
Iowa,DP03_0118P,8.9,0.4,0,0,0,0,0,0,1,0
Kansas,DP03_0096,2592817.0,5753.0,1,1,0,0,0,1,0,1
Kansas,DP03_0096P,91.0,0.2,0,1,0,0,0,1,0,1
Kansas,DP03_0097,2131474.0,8523.0,1,0,1,0,0,1,0,1
Kansas,DP03_0097P,74.8,0.3,0,0,1,0,0,1,0,1
Kansas,DP03_0098,823948.0,5354.0,1,0,0,1,0,1,0,1
Kansas,DP03_0098P,28.9,0.2,0,0,0,1,0,1,0,1
Kansas,DP03_0099,256512.0,5689.0,1,0,0,0,0,1,0,1
Kansas,DP03_0099P,9.0,0.2,0,0,0,0,0,1,0,1
Kansas,DP03_0101,38922.0,2170.0,1,0,0,0,1,0,0,1
Kansas,DP03_0101P,5.2,0.3,0,0,0,0,1,0,0,1
Kansas,DP03_0105,1157915.0,6151.0,1,1,0,0,0,0,0,0
Kansas,DP03_0105P,89.2,0.3,0,1,0,0,0,0,0,0
Kansas,DP03_0106,1120458.0,6181.0,1,0,1,0,0,0,0,0
Kansas,DP03_0106P,86.3,0.3,0,0,1,0,0,0,0,0
Kansas,DP03_0107,69906.0,1803.0,1,0,0,1,0,0,0,0
Kansas,DP03_0107P,5.4,0.1,0,0,0,1,0,0,0,0
Kansas,DP03_0108,140018.0,3300.0,1,0,0,0,0,0,0,0
Kansas,DP03_0108P,10.8,0.3,0,0,0,0,0,0,0,0
Kansas,DP03_0110,33518.0,1414.0,1,1,0,0,0,0,0,0
Kansas,DP03_0110P,60.9,1.5,0,1,0,0,0,0,0,0
Kansas,DP03_0111,25123.0,1248.0,1,0,1,0,0,0,0,0
Kansas,DP03_0111P,45.6,1.6,0,0,1,0,0,0,0,0
Kansas,DP03_0112,10081.0,781.0,1,0,0,1,0,0,0,0
Kansas,DP03_0112P,18.3,1.3,0,0,0,1,0,0,0,0
Kansas,DP03_0113,21526.0,1044.0,1,0,0,0,0,0,0,0
Kansas,DP03_0113P,39.1,1.5,0,0,0,0,0,0,0,0
Kansas,DP03_0115,267846.0,3316.0,1,1,0,0,0,0,1,0
Kansas,DP03_0115P,83.2,0.5,0,1,0,0,0,0,1,0
Kansas,DP03_0116,191133.0,3042.0,1,0,1,0,0,0,1,0
Kansas,DP03_0116P,59.3,0.6,0,0,1,0,0,0,1,0
Kansas,DP03_0117,102428.0,2274.0,1,0,0,1,0,0,1,0
Kansas,DP03_0117P,31.8,0.6,0,0,0,1,0,0,1,0
Kansas,DP03_0118,54200.0,1672.0,1,0,0,0,0,0,1,0
Kansas,DP03_0118P,16.8,0.5,0,0,0,0,0,0,1,0
Kentucky,DP03_0096,4091779.0,5576.0,1,1,0,0,0,1,0,1
Kentucky,DP03_0096P,93.9,0.1,0,1,0,0,0,1,0,1
Kentucky,DP03_0097,2839537.0,15717.0,1,0,1,0,0,1,0,1
Kentucky,DP03_0097P,65.2,0.4,0,0,1,0,0,1,0,1
Kentucky,DP03_0098,1828939.0,11156.0,1,0,0,1,0,1,0,1
Kentucky,DP03_0098P,42.0,0.3,0,0,0,1,0,1,0,1
Kentucky,DP03_0099,265416.0,5639.0,1,0,0,0,0,1,0,1
Kentucky,DP03_0099P,6.1,0.1,0,0,0,0,0,1,0,1
Kentucky,DP03_0101,41127.0,1957.0,1,0,0,0,1,0,0,1
Kentucky,DP03_0101P,3.8,0.2,0,0,0,0,1,0,0,1
Kentucky,DP03_0105,1664105.0,7319.0,1,1,0,0,0,0,0,0
Kentucky,DP03_0105P,92.2,0.2,0,1,0,0,0,0,0,0
Kentucky,DP03_0106,1472221.0,8227.0,1,0,1,0,0,0,0,0
Kentucky,DP03_0106P,81.6,0.3,0,0,1,0,0,0,0,0
Kentucky,DP03_0107,249060.0,3634.0,1,0,0,1,0,0,0,0
Kentucky,DP03_0107P,13.8,0.2,0,0,0,1,0,0,0,0
Kentucky,DP03_0108,141083.0,3321.0,1,0,0,0,0,0,0,0
Kentucky,DP03_0108P,7.8,0.2,0,0,0,0,0,0,0,0
Kentucky,DP03_0110,89214.0,2059.0,1,1,0,0,0,0,0,0
Kentucky,DP03_0110P,79.0,0.9,0,1,0,0,0,0,0,0
Kentucky,DP03_0111,36859.0,1294.0,1,0,1,0,0,0,0,0
Kentucky,DP03_0111P,32.7,1.0,0,0,1,0,0,0,0,0
Kentucky,DP03_0112,55806.0,1875.0,1,0,0,1,0,0,0,0
Kentucky,DP03_0112P,49.4,1.3,0,0,0,1,0,0,0,0
Kentucky,DP03_0113,23652.0,1269.0,1,0,0,0,0,0,0,0
Kentucky,DP03_0113P,21.0,0.9,0,0,0,0,0,0,0,0
Kentucky,DP03_0115,642671.0,5042.0,1,1,0,0,0,0,1,0
Kentucky,DP03_0115P,91.8,0.3,0,1,0,0,0,0,1,0
Kentucky,DP03_0116,298359.0,3683.0,1,0,1,0,0,0,1,0
Kentucky,DP03_0116P,42.6,0.5,0,0,1,0,0,0,1,0
Kentucky,DP03_0117,407595.0,4843.0,1,0,0,1,0,0,1,0
Kentucky,DP03_0117P,58.2,0.5,0,0,0,1,0,0,1,0
Kentucky,DP03_0118,57585.0,2056.0,1,0,0,0,0,0,1,0
Kentucky,DP03_0118P,8.2,0.3,0,0,0,0,0,0,1,0
Louisiana,DP03_0096,4072162.0,8168.0,1,1,0,0,0,1,0,1
Louisiana,DP03_0096P,89.3,0.2,0,1,0,0,0,1,0,1
Louisiana,DP03_0097,2787281.0,14587.0,1,0,1,0,0,1,0,1
Louisiana,DP03_0097P,61.1,0.3,0,0,1,0,0,1,0,1
Louisiana,DP03_0098,1785609.0,8956.0,1,0,0,1,0,1,0,1
Louisiana,DP03_0098P,39.2,0.2,0,0,0,1,0,1,0,1
Louisiana,DP03_0099,487112.0,8248.0,1,0,0,0,0,1,0,1
Louisiana,DP03_0099P,10.7,0.2,0,0,0,0,0,1,0,1
Louisiana,DP03_0101,45175.0,2530.0,1,0,0,0,1,0,0,1
Louisiana,DP03_0101P,3.9,0.2,0,0,0,0,1,0,0,1
Louisiana,DP03_0105,1619829.0,8752.0,1,1,0,0,0,0,0,0
Louisiana,DP03_0105P,86.1,0.3,0,1,0,0,0,0,0,0
Louisiana,DP03_0106,1476594.0,8544.0,1,0,1,0,0,0,0,0
Louisiana,DP03_0106P,78.4,0.3,0,0,1,0,0,0,0,0
Louisiana,DP03_0107,196335.0,3447.0,1,0,0,1,0,0,0,0
Louisiana,DP03_0107P,10.4,0.2,0,0,0,1,0,0,0,0
Louisiana,DP03_0108,262408.0,5266.0,1,0,0,0,0,0,0,0
Louisiana,DP03_0108P,13.9,0.3,0,0,0,0,0,0,0,0
Louisiana,DP03_0110,82177.0,2354.0,1,1,0,0,0,0,0,0
Louisiana,DP03_0110P,61.1,1.2,0,1,0,0,0,0,0,0
Louisiana,DP03_0111,41389.0,1616.0,1,0,1,0,0,0,0,0
Louisiana,DP03_0111P,30.8,1.1,0,0,1,0,0,0,0,0
Louisiana,DP03_0112,44873.0,1849.0,1,0,0,1,0,0,0,0
Louisiana,DP03_0112P,33.4,1.1,0,0,0,1,0,0,0,0
Louisiana,DP03_0113,52314.0,1888.0,1,0,0,0,0,0,0,0
Louisiana,DP03_0113P,38.9,1.2,0,0,0,0,0,0,0,0
Louisiana,DP03_0115,596985.0,4868.0,1,1,0,0,0,0,1,0
Louisiana,DP03_0115P,82.8,0.4,0,1,0,0,0,0,1,0
Louisiana,DP03_0116,321020.0,4147.0,1,0,1,0,0,0,1,0
Louisiana,DP03_0116P,44.5,0.5,0,0,1,0,0,0,1,0
Louisiana,DP03_0117,328364.0,4228.0,1,0,0,1,0,0,1,0
Louisiana,DP03_0117P,45.5,0.5,0,0,0,1,0,0,1,0
Louisiana,DP03_0118,124038.0,3367.0,1,0,0,0,0,0,1,0
Louisiana,DP03_0118P,17.2,0.4,0,0,0,0,0,0,1,0
Maine,DP03_0096,1207993.0,3157.0,1,1,0,0,0,1,0,1
Maine,DP03_0096P,91.7,0.2,0,1,0,0,0,1,0,1
Maine,DP03_0097,918696.0,5360.0,1,0,1,0,0,1,0,1
Maine,DP03_0097P,69.7,0.4,0,0,1,0,0,1,0,1
Maine,DP03_0098,484847.0,4265.0,1,0,0,1,0,1,0,1
Maine,DP03_0098P,36.8,0.3,0,0,0,1,0,1,0,1
Maine,DP03_0099,109641.0,3190.0,1,0,0,0,0,1,0,1
Maine,DP03_0099P,8.3,0.2,0,0,0,0,0,1,0,1
Maine,DP03_0101,15089.0,1164.0,1,0,0,0,1,0,0,1
Maine,DP03_0101P,5.6,0.4,0,0,0,0,1,0,0,1
Maine,DP03_0105,534330.0,3139.0,1,1,0,0,0,0,0,0
Maine,DP03_0105P,89.2,0.4,0,1,0,0,0,0,0,0
Maine,DP03_0106,497510.0,3483.0,1,0,1,0,0,0,0,0
Maine,DP03_0106P,83.1,0.4,0,0,1,0,0,0,0,0
Maine,DP03_0107,53663.0,1703.0,1,0,0,1,0,0,0,0
Maine,DP03_0107P,9.0,0.3,0,0,0,1,0,0,0,0
Maine,DP03_0108,64437.0,2142.0,1,0,0,0,0,0,0,0
Maine,DP03_0108P,10.8,0.4,0,0,0,0,0,0,0,0
Maine,DP03_0110,17686.0,906.0,1,1,0,0,0,0,0,0
Maine,DP03_0110P,64.7,2.0,0,1,0,0,0,0,0,0
Maine,DP03_0111,10332.0,611.0,1,0,1,0,0,0,0,0
Maine,DP03_0111P,37.8,1.8,0,0,1,0,0,0,0,0
Maine,DP03_0112,8252.0,630.0,1,0,0,1,0,0,0,0
Maine,DP03_0112P,30.2,1.8,0,0,0,1,0,0,0,0
Maine,DP03_0113,9642.0,653.0,1,0,0,0,0,0,0,0
Maine,DP03_0113P,35.3,2.0,0,0,0,0,0,0,0,0
Maine,DP03_0115,148590.0,2198.0,1,1,0,0,0,0,1,0
Maine,DP03_0115P,88.1,0.6,0,1,0,0,0,0,1,0
Maine,DP03_0116,78789.0,1557.0,1,0,1,0,0,0,1,0
Maine,DP03_0116P,46.7,0.8,0,0,1,0,0,0,1,0
Maine,DP03_0117,85060.0,2081.0,1,0,0,1,0,0,1,0
Maine,DP03_0117P,50.4,0.9,0,0,0,1,0,0,1,0
Maine,DP03_0118,20056.0,971.0,1,0,0,0,0,0,1,0
Maine,DP03_0118P,11.9,0.6,0,0,0,0,0,0,1,0
Maryland,DP03_0096,5525043.0,6451.0,1,1,0,0,0,1,0,1
Maryland,DP03_0096P,93.5,0.1,0,1,0,0,0,1,0,1
Maryland,DP03_0097,4394643.0,15168.0,1,0,1,0,0,1,0,1
Maryland,DP03_0097P,74.4,0.3,0,0,1,0,0,1,0,1
Maryland,DP03_0098,1874088.0,9401.0,1,0,0,1,0,1,0,1
Maryland,DP03_0098P,31.7,0.2,0,0,0,1,0,1,0,1
Maryland,DP03_0099,382130.0,6649.0,1,0,0,0,0,1,0,1
Maryland,DP03_0099P,6.5,0.1,0,0,0,0,0,1,0,1
Maryland,DP03_0101,50588.0,2343.0,1,0,0,0,1,0,0,1
Maryland,DP03_0101P,3.6,0.2,0,0,0,0,1,0,0,1
Maryland,DP03_0105,2589098.0,8183.0,1,1,0,0,0,0,0,0
Maryland,DP03_0105P,92.2,0.2,0,1,0,0,0,0,0,0
Maryland,DP03_0106,2384342.0,8909.0,1,0,1,0,0,0,0,0
Maryland,DP03_0106P,84.9,0.2,0,0,1,0,0,0,0,0
Maryland,DP03_0107,280510.0,3919.0,1,0,0,1,0,0,0,0
Maryland,DP03_0107P,10.0,0.1,0,0,0,1,0,0,0,0
Maryland,DP03_0108,220146.0,4673.0,1,0,0,0,0,0,0,0
Maryland,DP03_0108P,7.8,0.2,0,0,0,0,0,0,0,0
Maryland,DP03_0110,125261.0,2497.0,1,1,0,0,0,0,0,0
Maryland,DP03_0110P,78.4,0.8,0,1,0,0,0,0,0,0
Maryland,DP03_0111,70368.0,1800.0,1,0,1,0,0,0,0,0
Maryland,DP03_0111P,44.0,0.9,0,0,1,0,0,0,0,0
Maryland,DP03_0112,59910.0,1806.0,1,0,0,1,0,0,0,0
Maryland,DP03_0112P,37.5,0.9,0,0,0,1,0,0,0,0
Maryland,DP03_0113,34510.0,1354.0,1,0,0,0,0,0,0,0
Maryland,DP03_0113P,21.6,0.8,0,0,0,0,0,0,0,0
Maryland,DP03_0115,597857.0,4492.0,1,1,0,0,0,0,1,0
Maryland,DP03_0115P,89.8,0.3,0,1,0,0,0,0,1,0
Maryland,DP03_0116,389751.0,4148.0,1,0,1,0,0,0,1,0
Maryland,DP03_0116P,58.5,0.5,0,0,1,0,0,0,1,0
Maryland,DP03_0117,259010.0,3698.0,1,0,0,1,0,0,1,0
Maryland,DP03_0117P,38.9,0.5,0,0,0,1,0,0,1,0
Maryland,DP03_0118,68187.0,2165.0,1,0,0,0,0,0,1,0
Maryland,DP03_0118P,10.2,0.3,0,0,0,0,0,0,1,0
Massachusetts,DP03_0096,6566545.0,4667.0,1,1,0,0,0,1,0,1
Massachusetts,DP03_0096P,97.2,0.1,0,1,0,0,0,1,0,1
Massachusetts,DP03_0097,5001165.0,18003.0,1,0,1,0,0,1,0,1
Massachusetts,DP03_0097P,74.0,0.3,0,0,1,0,0,1,0,1
Massachusetts,DP03_0098,2441507.0,14788.0,1,0,0,1,0,1,0,1
Massachusetts,DP03_0098P,36.1,0.2,0,0,0,1,0,1,0,1
Massachusetts,DP03_0099,189470.0,4676.0,1,0,0,0,0,1,0,1
Massachusetts,DP03_0099P,2.8,0.1,0,0,0,0,0,1,0,1
Massachusetts,DP03_0101,19955.0,1205.0,1,0,0,0,1,0,0,1
Massachusetts,DP03_0101P,1.3,0.1,0,0,0,0,1,0,0,1
Massachusetts,DP03_0105,3143473.0,8724.0,1,1,0,0,0,0,0,0
Massachusetts,DP03_0105P,96.5,0.1,0,1,0,0,0,0,0,0
Massachusetts,DP03_0106,2746670.0,11536.0,1,0,1,0,0,0,0,0
Massachusetts,DP03_0106P,84.3,0.2,0,0,1,0,0,0,0,0
Massachusetts,DP03_0107,485512.0,6266.0,1,0,0,1,0,0,0,0
Massachusetts,DP03_0107P,14.9,0.2,0,0,0,1,0,0,0,0
Massachusetts,DP03_0108,113657.0,3087.0,1,0,0,0,0,0,0,0
Massachusetts,DP03_0108P,3.5,0.1,0,0,0,0,0,0,0,0
Massachusetts,DP03_0110,158254.0,3289.0,1,1,0,0,0,0,0,0
Massachusetts,DP03_0110P,89.8,0.7,0,1,0,0,0,0,0,0
Massachusetts,DP03_0111,83697.0,2088.0,1,0,1,0,0,0,0,0
Massachusetts,DP03_0111P,47.5,1.0,0,0,1,0,0,0,0,0
Massachusetts,DP03_0112,82061.0,2674.0,1,0,0,1,0,0,0,0
Massachusetts,DP03_0112P,46.6,1.0,0,0,0,1,0,0,0,0
Massachusetts,DP03_0113,17920.0,1219.0,1,0,0,0,0,0,0,0
Massachusetts,DP03_0113P,10.2,0.7,0,0,0,0,0,0,0,0
Massachusetts,DP03_0115,764752.0,6657.0,1,1,0,0,0,0,1,0
Massachusetts,DP03_0115P,95.7,0.2,0,1,0,0,0,0,1,0
Massachusetts,DP03_0116,441129.0,4441.0,1,0,1,0,0,0,1,0
Massachusetts,DP03_0116P,55.2,0.5,0,0,1,0,0,0,1,0
Massachusetts,DP03_0117,383664.0,5611.0,1,0,0,1,0,0,1,0
Massachusetts,DP03_0117P,48.0,0.5,0,0,0,1,0,0,1,0
Massachusetts,DP03_0118,34046.0,1568.0,1,0,0,0,0,0,1,0
Massachusetts,DP03_0118P,4.3,0.2,0,0,0,0,0,0,1,0
Michigan,DP03_0096,9250420.0,8535.0,1,1,0,0,0,1,0,1
Michigan,DP03_0096P,93.9,0.1,0,1,0,0,0,1,0,1
Michigan,DP03_0097,7026257.0,22366.0,1,0,1,0,0,1,0,1
Michigan,DP03_0097P,71.4,0.2,0,0,1,0,0,1,0,1
Michigan,DP03_0098,3721479.0,15232.0,1,0,0,1,0,1,0,1
Michigan,DP03_0098P,37.8,0.2,0,0,0,1,0,1,0,1
Michigan,DP03_0099,597044.0,8552.0,1,0,0,0,0,1,0,1
Michigan,DP03_0099P,6.1,0.1,0,0,0,0,0,1,0,1
Michigan,DP03_0101,77232.0,2876.0,1,0,0,0,1,0,0,1
Michigan,DP03_0101P,3.3,0.1,0,0,0,0,1,0,0,1
Michigan,DP03_0105,3912922.0,10352.0,1,1,0,0,0,0,0,0
Michigan,DP03_0105P,92.0,0.1,0,1,0,0,0,0,0,0
Michigan,DP03_0106,3528971.0,12027.0,1,0,1,0,0,0,0,0
Michigan,DP03_0106P,83.0,0.2,0,0,1,0,0,0,0,0
Michigan,DP03_0107,490260.0,4544.0,1,0,0,1,0,0,0,0
Michigan,DP03_0107P,11.5,0.1,0,0,0,1,0,0,0,0
Michigan,DP03_0108,339557.0,5642.0,1,0,0,0,0,0,0,0
Michigan,DP03_0108P,8.0,0.1,0,0,0,0,0,0,0,0
Michigan,DP03_0110,220651.0,3275.0,1,1,0,0,0,0,0,0
Michigan,DP03_0110P,78.3,0.6,0,1,0,0,0,0,0,0
Michigan,DP03_0111,105116.0,2345.0,1,0,1,0,0,0,0,0
Michigan,DP03_0111P,37.3,0.7,0,0,1,0,0,0,0,0
Michigan,DP03_0112,123569.0,2430.0,1,0,0,1,0,0,0,0
Michigan,DP03_0112P,43.8,0.7,0,0,0,1,0,0,0,0
Michigan,DP03_0113,61218.0,1749.0,1,0,0,0,0,0,0,0
Michigan,DP03_0113P,21.7,0.6,0,0,0,0,0,0,0,0
Michigan,DP03_0115,1285901.0,6070.0,1,1,0,0,0,0,1,0
Michigan,DP03_0115P,91.9,0.2,0,1,0,0,0,0,1,0
Michigan,DP03_0116,751789.0,5112.0,1,0,1,0,0,0,1,0
Michigan,DP03_0116P,53.7,0.4,0,0,1,0,0,0,1,0
Michigan,DP03_0117,665673.0,6616.0,1,0,0,1,0,0,1,0
Michigan,DP03_0117P,47.6,0.4,0,0,0,1,0,0,1,0
Michigan,DP03_0118,113540.0,2384.0,1,0,0,0,0,0,1,0
Michigan,DP03_0118P,8.1,0.2,0,0,0,0,0,0,1,0
Minnesota,DP03_0096,5214625.0,5286.0,1,1,0,0,0,1,0,1
Minnesota,DP03_0096P,95.3,0.1,0,1,0,0,0,1,0,1
Minnesota,DP03_0097,4186967.0,10930.0,1,0,1,0,0,1,0,1
Minnesota,DP03_0097P,76.6,0.2,0,0,1,0,0,1,0,1
Minnesota,DP03_0098,1764038.0,8086.0,1,0,0,1,0,1,0,1
Minnesota,DP03_0098P,32.3,0.1,0,0,0,1,0,1,0,1
Minnesota,DP03_0099,254764.0,5243.0,1,0,0,0,0,1,0,1
Minnesota,DP03_0099P,4.7,0.1,0,0,0,0,0,1,0,1
Minnesota,DP03_0101,47789.0,1794.0,1,0,0,0,1,0,0,1
Minnesota,DP03_0101P,3.5,0.1,0,0,0,0,1,0,0,1
Minnesota,DP03_0105,2544584.0,6699.0,1,1,0,0,0,0,0,0
Minnesota,DP03_0105P,94.6,0.1,0,1,0,0,0,0,0,0
Minnesota,DP03_0106,2295188.0,7751.0,1,0,1,0,0,0,0,0
Minnesota,DP03_0106P,85.3,0.2,0,0,1,0,0,0,0,0
Minnesota,DP03_0107,318374.0,4240.0,1,0,0,1,0,0,0,0
Minnesota,DP03_0107P,11.8,0.2,0,0,0,1,0,0,0,0
Minnesota,DP03_0108,145931.0,3165.0,1,0,0,0,0,0,0,0
Minnesota,DP03_0108P,5.4,0.1,0,0,0,0,0,0,0,0
Minnesota,DP03_0110,84609.0,2057.0,1,1,0,0,0,0,0,0
Minnesota,DP03_0110P,82.3,0.9,0,1,0,0,0,0,0,0
Minnesota,DP03_0111,47834.0,1345.0,1,0,1,0,0,0,0,0
Minnesota,DP03_0111P,46.5,1.0,0,0,1,0,0,0,0,0
Minnesota,DP03_0112,40142.0,1404.0,1,0,0,1,0,0,0,0
Minnesota,DP03_0112P,39.1,0.9,0,0,0,1,0,0,0,0
Minnesota,DP03_0113,18178.0,1068.0,1,0,0,0,0,0,0,0
Minnesota,DP03_0113P,17.7,0.9,0,0,0,0,0,0,0,0
Minnesota,DP03_0115,470213.0,3938.0,1,1,0,0,0,0,1,0
Minnesota,DP03_0115P,92.1,0.3,0,1,0,0,0,0,1,0
Minnesota,DP03_0116,293849.0,3143.0,1,0,1,0,0,0,1,0
Minnesota,DP03_0116P,57.5,0.5,0,0,1,0,0,0,1,0
Minnesota,DP03_0117,214945.0,3165.0,1,0,0,1,0,0,1,0
Minnesota,DP03_0117P,42.1,0.5,0,0,0,1,0,0,1,0
Minnesota,DP03_0118,40506.0,1554.0,1,0,0,0,0,0,1,0
Minnesota,DP03_0118P,7.9,0.3,0,0,0,0,0,0,1,0
Mississippi,DP03_0096,2552290.0,7003.0,1,1,0,0,0,1,0,1
Mississippi,DP03_0096P,87.3,0.2,0,1,0,0,0,1,0,1
Mississippi,DP03_0097,1747793.0,11201.0,1,0,1,0,0,1,0,1
Mississippi,DP03_0097P,59.8,0.4,0,0,1,0,0,1,0,1
Mississippi,DP03_0098,1134482.0,6732.0,1,0,0,1,0,1,0,1
Mississippi,DP03_0098P,38.8,0.2,0,0,0,1,0,1,0,1
Mississippi,DP03_0099,370357.0,7097.0,1,0,0,0,0,1,0,1
Mississippi,DP03_0099P,12.7,0.2,0,0,0,0,0,1,0,1
Mississippi,DP03_0101,37863.0,2417.0,1,0,0,0,1,0,0,1
Mississippi,DP03_0101P,5.0,0.3,0,0,0,0,1,0,0,1
Mississippi,DP03_0105,964533.0,7206.0,1,1,0,0,0,0,0,0
Mississippi,DP03_0105P,84.6,0.3,0,1,0,0,0,0,0,0
Mississippi,DP03_0106,919984.0,7114.0,1,0,1,0,0,0,0,0
Mississippi,DP03_0106P,80.7,0.4,0,0,1,0,0,0,0,0
Mississippi,DP03_0107,76568.0,2419.0,1,0,0,1,0,0,0,0
Mississippi,DP03_0107P,6.7,0.2,0,0,0,1,0,0,0,0
Mississippi,DP03_0108,175107.0,3839.0,1,0,0,0,0,0,0,0
Mississippi,DP03_0108P,15.4,0.3,0,0,0,0,0,0,0,0
Mississippi,DP03_0110,48293.0,1931.0,1,1,0,0,0,0,0,0
Mississippi,DP03_0110P,49.1,1.5,0,1,0,0,0,0,0,0
Mississippi,DP03_0111,27503.0,1340.0,1,0,1,0,0,0,0,0
Mississippi,DP03_0111P,27.9,1.3,0,0,1,0,0,0,0,0
Mississippi,DP03_0112,22862.0,1363.0,1,0,0,1,0,0,0,0
Mississippi,DP03_0112P,23.2,1.1,0,0,0,1,0,0,0,0
Mississippi,DP03_0113,50130.0,2148.0,1,0,0,0,0,0,0,0
Mississippi,DP03_0113P,50.9,1.5,0,0,0,0,0,0,0,0
Mississippi,DP03_0115,378962.0,4596.0,1,1,0,0,0,0,1,0
Mississippi,DP03_0115P,78.2,0.5,0,1,0,0,0,0,1,0
Mississippi,DP03_0116,198878.0,3355.0,1,0,1,0,0,0,1,0
Mississippi,DP03_0116P,41.0,0.6,0,0,1,0,0,0,1,0
Mississippi,DP03_0117,216255.0,3482.0,1,0,0,1,0,0,1,0
Mississippi,DP03_0117P,44.6,0.5,0,0,0,1,0,0,1,0
Mississippi,DP03_0118,105617.0,2948.0,1,0,0,0,0,0,1,0
Mississippi,DP03_0118P,21.8,0.5,0,0,0,0,0,0,1,0
Missouri,DP03_0096,5395736.0,9821.0,1,1,0,0,0,1,0,1
Missouri,DP03_0096P,90.3,0.2,0,1,0,0,0,1,0,1
Missouri,DP03_0097,4226236.0,16275.0,1,0,1,0,0,1,0,1
Missouri,DP03_0097P,70.7,0.3,0,0,1,0,0,1,0,1
Missouri,DP03_0098,1883050.0,8635.0,1,0,0,1,0,1,0,1
Missouri,DP03_0098P,31.5,0.1,0,0,0,1,0,1,0,1
Missouri,DP03_0099,581002.0,9939.0,1,0,0,0,0,1,0,1
Missouri,DP03_0099P,9.7,0.2,0,0,0,0,0,1,0,1
Missouri,DP03_0101,85240.0,3033.0,1,0,0,0,1,0,0,1
Missouri,DP03_0101P,5.8,0.2,0,0,0,0,1,0,0,1
Missouri,DP03_0105,2342868.0,10747.0,1,1,0,0,0,0,0,0
Missouri,DP03_0105P,88.4,0.2,0,1,0,0,0,0,0,0
Missouri,DP03_0106,2247981.0,10832.0,1,0,1,0,0,0,0,0
Missouri,DP03_0106P,84.8,0.3,0,0,1,0,0,0,0,0
Missouri,DP03_0107,153758.0,3390.0,1,0,0,1,0,0,0,0
Missouri,DP03_0107P,5.8,0.1,0,0,0,1,0,0,0,0
Missouri,DP03_0108,306974.0,5986.0,1,0,0,0,0,0,0,0
Missouri,DP03_0108P,11.6,0.2,0,0,0,0,0,0,0,0
Missouri,DP03_0110,79923.0,2364.0,1,1,0,0,0,0,0,0
Missouri,DP03_0110P,58.4,1.2,0,1,0,0,0,0,0,0
Missouri,DP03_0111,55042.0,1926.0,1,0,1,0,0,0,0,0
Missouri,DP03_0111P,40.2,1.1,0,0,1,0,0,0,0,0
Missouri,DP03_0112,28049.0,1272.0,1,0,0,1,0,0,0,0
Missouri,DP03_0112P,20.5,0.8,0,0,0,1,0,0,0,0
Missouri,DP03_0113,56991.0,1957.0,1,0,0,0,0,0,0,0
Missouri,DP03_0113P,41.6,1.2,0,0,0,0,0,0,0,0
Missouri,DP03_0115,658569.0,4860.0,1,1,0,0,0,0,1,0
Missouri,DP03_0115P,83.8,0.3,0,1,0,0,0,0,1,0
Missouri,DP03_0116,412150.0,3941.0,1,0,1,0,0,0,1,0
Missouri,DP03_0116P,52.4,0.5,0,0,1,0,0,0,1,0
Missouri,DP03_0117,304572.0,3488.0,1,0,0,1,0,0,1,0
Missouri,DP03_0117P,38.7,0.3,0,0,0,1,0,0,1,0
Missouri,DP03_0118,127480.0,2821.0,1,0,0,0,0,0,1,0
Missouri,DP03_0118P,16.2,0.3,0,0,0,0,0,0,1,0
Montana,DP03_0096,921676.0,3075.0,1,1,0,0,0,1,0,1
Montana,DP03_0096P,89.8,0.3,0,1,0,0,0,1,0,1
Montana,DP03_0097,697398.0,4948.0,1,0,1,0,0,1,0,1
Montana,DP03_0097P,67.9,0.5,0,0,1,0,0,1,0,1
Montana,DP03_0098,369276.0,4156.0,1,0,0,1,0,1,0,1
Montana,DP03_0098P,36.0,0.4,0,0,0,1,0,1,0,1
Montana,DP03_0099,104910.0,3054.0,1,0,0,0,0,1,0,1
Montana,DP03_0099P,10.2,0.3,0,0,0,0,0,1,0,1
Montana,DP03_0101,16377.0,1174.0,1,0,0,0,1,0,0,1
Montana,DP03_0101P,6.8,0.5,0,0,0,0,1,0,0,1
Montana,DP03_0105,400601.0,3108.0,1,1,0,0,0,0,0,0
Montana,DP03_0105P,87.1,0.4,0,1,0,0,0,0,0,0
Montana,DP03_0106,369172.0,3524.0,1,0,1,0,0,0,0,0
Montana,DP03_0106P,80.2,0.5,0,0,1,0,0,0,0,0
Montana,DP03_0107,46272.0,1484.0,1,0,0,1,0,0,0,0
Montana,DP03_0107P,10.1,0.3,0,0,0,1,0,0,0,0
Montana,DP03_0108,59460.0,1988.0,1,0,0,0,0,0,0,0
Montana,DP03_0108P,12.9,0.4,0,0,0,0,0,0,0,0
Montana,DP03_0110,13304.0,696.0,1,1,0,0,0,0,0,0
Montana,DP03_0110P,67.7,2.3,0,1,0,0,0,0,0,0
Montana,DP03_0111,8302.0,607.0,1,0,1,0,0,0,0,0
Montana,DP03_0111P,42.2,2.6,0,0,1,0,0,0,0,0
Montana,DP03_0112,5827.0,566.0,1,0,0,1,0,0,0,0
Montana,DP03_0112P,29.6,2.6,0,0,0,1,0,0,0,0
Montana,DP03_0113,6359.0,610.0,1,0,0,0,0,0,0,0
Montana,DP03_0113P,32.3,2.3,0,0,0,0,0,0,0,0
Montana,DP03_0115,105453.0,2184.0,1,1,0,0,0,0,1,0
Montana,DP03_0115P,82.7,0.7,0,1,0,0,0,0,1,0
Montana,DP03_0116,67263.0,1664.0,1,0,1,0,0,0,1,0
Montana,DP03_0116P,52.7,0.8,0,0,1,0,0,0,1,0
Montana,DP03_0117,48298.0,1476.0,1,0,0,1,0,0,1,0
Montana,DP03_0117P,37.9,0.9,0,0,0,1,0,0,1,0
Montana,DP03_0118,22084.0,1046.0,1,0,0,0,0,0,1,0
Montana,DP03_0118P,17.3,0.7,0,0,0,0,0,0,1,0
Nebraska,DP03_0096,1717637.0,3255.0,1,1,0,0,0,1,0,1
Nebraska,DP03_0096P,91.6,0.2,0,1,0,0,0,1,0,1
Nebraska,DP03_0097,1426167.0,5476.0,1,0,1,0,0,1,0,1
Nebraska,DP03_0097P,76.0,0.3,0,0,1,0,0,1,0,1
Nebraska,DP03_0098,517405.0,4474.0,1,0,0,1,0,1,0,1
Nebraska,DP03_0098P,27.6,0.2,0,0,0,1,0,1,0,1
Nebraska,DP03_0099,157831.0,3249.0,1,0,0,0,0,1,0,1
Nebraska,DP03_0099P,8.4,0.2,0,0,0,0,0,1,0,1
Nebraska,DP03_0101,25648.0,1437.0,1,0,0,0,1,0,0,1
Nebraska,DP03_0101P,5.2,0.3,0,0,0,0,1,0,0,1
Nebraska,DP03_0105,809699.0,3636.0,1,1,0,0,0,0,0,0
Nebraska,DP03_0105P,90.0,0.2,0,1,0,0,0,0,0,0
Nebraska,DP03_0106,782975.0,3769.0,1,0,1,0,0,0,0,0
Nebraska,DP03_0106P,87.0,0.3,0,0,1,0,0,0,0,0
Nebraska,DP03_0107,48256.0,1531.0,1,0,0,1,0,0,0,0
Nebraska,DP03_0107P,5.4,0.2,0,0,0,1,0,0,0,0
Nebraska,DP03_0108,89958.0,2029.0,1,0,0,0,0,0,0,0
Nebraska,DP03_0108P,10.0,0.2,0,0,0,0,0,0,0,0
Nebraska,DP03_0110,18617.0,839.0,1,1,0,0,0,0,0,0
Nebraska,DP03_0110P,61.0,2.1,0,1,0,0,0,0,0,0
Nebraska,DP03_0111,13850.0,724.0,1,0,1,0,0,0,0,0
Nebraska,DP03_0111P,45.4,1.9,0,0,1,0,0,0,0,0
Nebraska,DP03_0112,5849.0,491.0,1,0,0,1,0,0,0,0
Nebraska,DP03_0112P,19.2,1.6,0,0,0,1,0,0,0,0
Nebraska,DP03_0113,11882.0,822.0,1,0,0,0,0,0,0,0
Nebraska,DP03_0113P,39.0,2.1,0,0,0,0,0,0,0,0
Nebraska,DP03_0115,144536.0,2200.0,1,1,0,0,0,0,1,0
Nebraska,DP03_0115P,83.2,0.6,0,1,0,0,0,0,1,0
Nebraska,DP03_0116,103485.0,1932.0,1,0,1,0,0,0,1,0
Nebraska,DP03_0116P,59.6,0.8,0,0,1,0,0,0,1,0
Nebraska,DP03_0117,55245.0,1593.0,1,0,0,1,0,0,1,0
Nebraska,DP03_0117P,31.8,0.8,0,0,0,1,0,0,1,0
Nebraska,DP03_0118,29134.0,1213.0,1,0,0,0,0,0,1,0
Nebraska,DP03_0118P,16.8,0.6,0,0,0,0,0,0,1,0
Nevada,DP03_0096,2543371.0,5575.0,1,1,0,0,0,1,0,1
Nevada,DP03_0096P,88.1,0.2,0,1,0,0,0,1,0,1
Nevada,DP03_0097,1884408.0,8819.0,1,0,1,0,0,1,0,1
Nevada,DP03_0097P,65.3,0.3,0,0,1,0,0,1,0,1
Nevada,DP03_0098,962484.0,6018.0,1,0,0,1,0,1,0,1
Nevada,DP03_0098P,33.3,0.2,0,0,0,1,0,1,0,1
Nevada,DP03_0099,344104.0,5573.0,1,0,0,0,0,1,0,1
Nevada,DP03_0099P,11.9,0.2,0,0,0,0,0,1,0,1
Nevada,DP03_0101,55676.0,2342.0,1,0,0,0,1,0,0,1
Nevada,DP03_0101P,7.9,0.3,0,0,0,0,1,0,0,1
Nevada,DP03_0105,1092104.0,5617.0,1,1,0,0,0,0,0,0
Nevada,DP03_0105P,85.5,0.3,0,1,0,0,0,0,0,0
Nevada,DP03_0106,1002708.0,5778.0,1,0,1,0,0,0,0,0
Nevada,DP03_0106P,78.5,0.4,0,0,1,0,0,0,0,0
Nevada,DP03_0107,124539.0,3237.0,1,0,0,1,0,0,0,0
Nevada,DP03_0107P,9.8,0.3,0,0,0,1,0,0,0,0
Nevada,DP03_0108,184639.0,3742.0,1,0,0,0,0,0,0,0
Nevada,DP03_0108P,14.5,0.3,0,0,0,0,0,0,0,0
Nevada,DP03_0110,63301.0,1817.0,1,1,0,0,0,0,0,0
Nevada,DP03_0110P,70.4,1.2,0,1,0,0,0,0,0,0
Nevada,DP03_0111,33080.0,1201.0,1,0,1,0,0,0,0,0
Nevada,DP03_0111P,36.8,1.1,0,0,1,0,0,0,0,0
Nevada,DP03_0112,32850.0,1440.0,1,0,0,1,0,0,0,0
Nevada,DP03_0112P,36.5,1.3,0,0,0,1,0,0,0,0
Nevada,DP03_0113,26601.0,1280.0,1,0,0,0,0,0,0,0
Nevada,DP03_0113P,29.6,1.2,0,0,0,0,0,0,0,0
Nevada,DP03_0115,309952.0,3885.0,1,1,0,0,0,0,1,0
Nevada,DP03_0115P,81.5,0.5,0,1,0,0,0,0,1,0
Nevada,DP03_0116,189783.0,3430.0,1,0,1,0,0,0,1,0
Nevada,DP03_0116P,49.9,0.7,0,0,1,0,0,0,1,0
Nevada,DP03_0117,145991.0,2501.0,1,0,0,1,0,0,1,0
Nevada,DP03_0117P,38.4,0.6,0,0,0,1,0,0,1,0
Nevada,DP03_0118,70191.0,2089.0,1,0,0,0,0,0,1,0
Nevada,DP03_0118P,18.5,0.5,0,0,0,0,0,0,1,0
New Hampshire,DP03_0096,1239969.0,2626.0,1,1,0,0,0,1,0,1
New Hampshire,DP03_0096P,93.5,0.2,0,1,0,0,0,1,0,1
New Hampshire,DP03_0097,1019536.0,5381.0,1,0,1,0,0,1,0,1
New Hampshire,DP03_0097P,76.9,0.4,0,0,1,0,0,1,0,1
New Hampshire,DP03_0098,399632.0,3833.0,1,0,0,1,0,1,0,1
New Hampshire,DP03_0098P,30.1,0.3,0,0,0,1,0,1,0,1
New Hampshire,DP03_0099,86274.0,2603.0,1,0,0,0,0,1,0,1
New Hampshire,DP03_0099P,6.5,0.2,0,0,0,0,0,1,0,1
New Hampshire,DP03_0101,8339.0,876.0,1,0,0,0,1,0,0,1
New Hampshire,DP03_0101P,3.0,0.3,0,0,0,0,1,0,0,1
New Hampshire,DP03_0105,598758.0,3165.0,1,1,0,0,0,0,0,0
New Hampshire,DP03_0105P,91.5,0.3,0,1,0,0,0,0,0,0
New Hampshire,DP03_0106,566336.0,3524.0,1,0,1,0,0,0,0,0
New Hampshire,DP03_0106P,86.5,0.4,0,0,1,0,0,0,0,0
New Hampshire,DP03_0107,46503.0,1722.0,1,0,0,1,0,0,0,0
New Hampshire,DP03_0107P,7.1,0.3,0,0,0,1,0,0,0,0
New Hampshire,DP03_0108,55669.0,1996.0,1,0,0,0,0,0,0,0
New Hampshire,DP03_0108P,8.5,0.3,0,0,0,0,0,0,0,0
New Hampshire,DP03_0110,19100.0,945.0,1,1,0,0,0,0,0,0
New Hampshire,DP03_0110P,74.0,2.2,0,1,0,0,0,0,0,0
New Hampshire,DP03_0111,12818.0,837.0,1,0,1,0,0,0,0,0
New Hampshire,DP03_0111P,49.6,2.5,0,0,1,0,0,0,0,0
New Hampshire,DP03_0112,6909.0,570.0,1,0,0,1,0,0,0,0
New Hampshire,DP03_0112P,26.8,1.9,0,0,0,1,0,0,0,0
New Hampshire,DP03_0113,6726.0,622.0,1,0,0,0,0,0,0,0
New Hampshire,DP03_0113P,26.0,2.2,0,0,0,0,0,0,0,0
New Hampshire,DP03_0115,129575.0,2050.0,1,1,0,0,0,0,1,0
New Hampshire,DP03_0115P,89.7,0.6,0,1,0,0,0,0,1,0
New Hampshire,DP03_0116,86101.0,1763.0,1,0,1,0,0,0,1,0
New Hampshire,DP03_0116P,59.6,0.9,0,0,1,0,0,0,1,0
New Hampshire,DP03_0117,54461.0,1455.0,1,0,0,1,0,0,1,0
New Hampshire,DP03_0117P,37.7,0.8,0,0,0,1,0,0,1,0
New Hampshire,DP03_0118,14844.0,963.0,1,0,0,0,0,0,1,0
New Hampshire,DP03_0118P,10.3,0.6,0,0,0,0,0,0,1,0
New Jersey,DP03_0096,8033794.0,11811.0,1,1,0,0,0,1,0,1
New Jersey,DP03_0096P,91.5,0.1,0,1,0,0,0,1,0,1
New Jersey,DP03_0097,6328839.0,22574.0,1,0,1,0,0,1,0,1
New Jersey,DP03_0097P,72.1,0.3,0,0,1,0,0,1,0,1
New Jersey,DP03_0098,2686456.0,12928.0,1,0,0,1,0,1,0,1
New Jersey,DP03_0098P,30.6,0.1,0,0,0,1,0,1,0,1
New Jersey,DP03_0099,743045.0,11843.0,1,0,0,0,0,1,0,1
New Jersey,DP03_0099P,8.5,0.1,0,0,0,0,0,1,0,1
New Jersey,DP03_0101,83172.0,3235.0,1,0,0,0,1,0,0,1
New Jersey,DP03_0101P,4.0,0.2,0,0,0,0,1,0,0,1
New Jersey,DP03_0105,3609193.0,11762.0,1,1,0,0,0,0,0,0
New Jersey,DP03_0105P,89.2,0.2,0,1,0,0,0,0,0,0
New Jersey,DP03_0106,3342447.0,12742.0,1,0,1,0,0,0,0,0
New Jersey,DP03_0106P,82.6,0.2,0,0,1,0,0,0,0,0
New Jersey,DP03_0107,327658.0,4408.0,1,0,0,1,0,0,0,0
New Jersey,DP03_0107P,8.1,0.1,0,0,0,1,0,0,0,0
New Jersey,DP03_0108,437122.0,7728.0,1,0,0,0,0,0,0,0
New Jersey,DP03_0108P,10.8,0.2,0,0,0,0,0,0,0,0
New Jersey,DP03_0110,186474.0,3256.0,1,1,0,0,0,0,0,0
New Jersey,DP03_0110P,73.9,0.8,0,1,0,0,0,0,0,0
New Jersey,DP03_0111,119903.0,2543.0,1,0,1,0,0,0,0,0
New Jersey,DP03_0111P,47.5,0.8,0,0,1,0,0,0,0,0
New Jersey,DP03_0112,72787.0,1917.0,1,0,0,1,0,0,0,0
New Jersey,DP03_0112P,28.9,0.6,0,0,0,1,0,0,0,0
New Jersey,DP03_0113,65738.0,2447.0,1,0,0,0,0,0,0,0
New Jersey,DP03_0113P,26.1,0.8,0,0,0,0,0,0,0,0
New Jersey,DP03_0115,917630.0,6245.0,1,1,0,0,0,0,1,0
New Jersey,DP03_0115P,86.7,0.3,0,1,0,0,0,0,1,0
New Jersey,DP03_0116,621381.0,5018.0,1,0,1,0,0,0,1,0
New Jersey,DP03_0116P,58.7,0.4,0,0,1,0,0,0,1,0
New Jersey,DP03_0117,363707.0,5038.0,1,0,0,1,0,0,1,0
New Jersey,DP03_0117P,34.3,0.4,0,0,0,1,0,0,1,0
New Jersey,DP03_0118,141277.0,3516.0,1,0,0,0,0,0,1,0
New Jersey,DP03_0118P,13.3,0.3,0,0,0,0,0,0,1,0
New Mexico,DP03_0096,1837116.0,4248.0,1,1,0,0,0,1,0,1
New Mexico,DP03_0096P,89.3,0.2,0,1,0,0,0,1,0,1
New Mexico,DP03_0097,1130017.0,8122.0,1,0,1,0,0,1,0,1
New Mexico,DP03_0097P,54.9,0.4,0,0,1,0,0,1,0,1
New Mexico,DP03_0098,963505.0,6499.0,1,0,0,1,0,1,0,1
New Mexico,DP03_0098P,46.8,0.3,0,0,0,1,0,1,0,1
New Mexico,DP03_0099,220410.0,4267.0,1,0,0,0,0,1,0,1
New Mexico,DP03_0099P,10.7,0.2,0,0,0,0,0,1,0,1
New Mexico,DP03_0101,30092.0,1762.0,1,0,0,0,1,0,0,1
New Mexico,DP03_0101P,5.8,0.3,0,0,0,0,1,0,0,1
New Mexico,DP03_0105,691743.0,4266.0,1,1,0,0,0,0,0,0
New Mexico,DP03_0105P,85.3,0.4,0,1,0,0,0,0,0,0
New Mexico,DP03_0106,570094.0,4774.0,1,0,1,0,0,0,0,0
New Mexico,DP03_0106P,70.3,0.5,0,0,1,0,0,0,0,0
New Mexico,DP03_0107,152803.0,3263.0,1,0,0,1,0,0,0,0
New Mexico,DP03_0107P,18.8,0.4,0,0,0,1,0,0,0,0
New Mexico,DP03_0108,119281.0,2984.0,1,0,0,0,0,0,0,0
New Mexico,DP03_0108P,14.7,0.4,0,0,0,0,0,0,0,0
New Mexico,DP03_0110,44808.0,1547.0,1,1,0,0,0,0,0,0
New Mexico,DP03_0110P,74.4,1.5,0,1,0,0,0,0,0,0
New Mexico,DP03_0111,16103.0,1049.0,1,0,1,0,0,0,0,0
New Mexico,DP03_0111P,26.8,1.5,0,0,1,0,0,0,0,0
New Mexico,DP03_0112,30869.0,1270.0,1,0,0,1,0,0,0,0
New Mexico,DP03_0112P,51.3,1.6,0,0,0,1,0,0,0,0
New Mexico,DP03_0113,15386.0,1006.0,1,0,0,0,0,0,0,0
New Mexico,DP03_0113P,25.6,1.5,0,0,0,0,0,0,0,0
New Mexico,DP03_0115,275534.0,3269.0,1,1,0,0,0,0,1,0
New Mexico,DP03_0115P,84.1,0.5,0,1,0,0,0,0,1,0
New Mexico,DP03_0116,131643.0,2667.0,1,0,1,0,0,0,1,0
New Mexico,DP03_0116P,40.2,0.7,0,0,1,0,0,0,1,0
New Mexico,DP03_0117,167156.0,2865.0,1,0,0,1,0,0,1,0
New Mexico,DP03_0117P,51.0,0.7,0,0,0,1,0,0,1,0
New Mexico,DP03_0118,51927.0,1824.0,1,0,0,0,0,0,1,0
New Mexico,DP03_0118P,15.9,0.5,0,0,0,0,0,0,1,0
New York,DP03_0096,18123450.0,15843.0,1,1,0,0,0,1,0,1
New York,DP03_0096P,93.5,0.1,0,1,0,0,0,1,0,1
New York,DP03_0097,12950832.0,39242.0,1,0,1,0,0,1,0,1
New York,DP03_0097P,66.8,0.2,0,0,1,0,0,1,0,1
New York,DP03_0098,7478376.0,23526.0,1,0,0,1,0,1,0,1
New York,DP03_0098P,38.6,0.1,0,0,0,1,0,1,0,1
New York,DP03_0099,1255168.0,16101.0,1,0,0,0,0,1,0,1
New York,DP03_0099P,6.5,0.1,0,0,0,0,0,1,0,1
New York,DP03_0101,118899.0,3992.0,1,0,0,0,1,0,0,1
New York,DP03_0101P,2.7,0.1,0,0,0,0,1,0,0,1
New York,DP03_0105,8005451.0,21574.0,1,1,0,0,0,0,0,0
New York,DP03_0105P,91.4,0.1,0,1,0,0,0,0,0,0
New York,DP03_0106,6931709.0,22635.0,1,0,1,0,0,0,0,0
New York,DP03_0106P,79.1,0.2,0,0,1,0,0,0,0,0
New York,DP03_0107,1282853.0,8709.0,1,0,0,1,0,0,0,0
New York,DP03_0107P,14.6,0.1,0,0,0,1,0,0,0,0
New York,DP03_0108,753914.0,10708.0,1,0,0,0,0,0,0,0
New York,DP03_0108P,8.6,0.1,0,0,0,0,0,0,0,0
New York,DP03_0110,444905.0,4979.0,1,1,0,0,0,0,0,0
New York,DP03_0110P,82.4,0.4,0,1,0,0,0,0,0,0
New York,DP03_0111,219601.0,3272.0,1,0,1,0,0,0,0,0
New York,DP03_0111P,40.6,0.5,0,0,1,0,0,0,0,0
New York,DP03_0112,246398.0,4384.0,1,0,0,1,0,0,0,0
New York,DP03_0112P,45.6,0.6,0,0,0,1,0,0,0,0
New York,DP03_0113,95350.0,2775.0,1,0,0,0,0,0,0,0
New York,DP03_0113P,17.6,0.4,0,0,0,0,0,0,0,0
New York,DP03_0115,2453718.0,11636.0,1,1,0,0,0,0,1,0
New York,DP03_0115P,90.3,0.2,0,1,0,0,0,0,1,0
New York,DP03_0116,1357898.0,8605.0,1,0,1,0,0,0,1,0
New York,DP03_0116P,50.0,0.3,0,0,1,0,0,0,1,0
New York,DP03_0117,1303489.0,10585.0,1,0,0,1,0,0,1,0
New York,DP03_0117P,48.0,0.3,0,0,0,1,0,0,1,0
New York,DP03_0118,263147.0,5226.0,1,0,0,0,0,0,1,0
New York,DP03_0118P,9.7,0.2,0,0,0,0,0,0,1,0
North Carolina,DP03_0096,8851312.0,13991.0,1,1,0,0,0,1,0,1
North Carolina,DP03_0096P,88.9,0.1,0,1,0,0,0,1,0,1
North Carolina,DP03_0097,6686506.0,27598.0,1,0,1,0,0,1,0,1
North Carolina,DP03_0097P,67.2,0.3,0,0,1,0,0,1,0,1
North Carolina,DP03_0098,3403413.0,13819.0,1,0,0,1,0,1,0,1
North Carolina,DP03_0098P,34.2,0.1,0,0,0,1,0,1,0,1
North Carolina,DP03_0099,1100719.0,14386.0,1,0,0,0,0,1,0,1
North Carolina,DP03_0099P,11.1,0.1,0,0,0,0,0,1,0,1
North Carolina,DP03_0101,121153.0,3280.0,1,0,0,0,1,0,0,1
North Carolina,DP03_0101P,5.0,0.1,0,0,0,0,1,0,0,1
North Carolina,DP03_0105,3707917.0,13649.0,1,1,0,0,0,0,0,0
North Carolina,DP03_0105P,85.9,0.2,0,1,0,0,0,0,0,0
North Carolina,DP03_0106,3527077.0,14276.0,1,0,1,0,0,0,0,0
North Carolina,DP03_0106P,81.7,0.2,0,0,1,0,0,0,0,0
North Carolina,DP03_0107,297406.0,4245.0,1,0,0,1,0,0,0,0
North Carolina,DP03_0107P,6.9,0.1,0,0,0,1,0,0,0,0
North Carolina,DP03_0108,609972.0,9405.0,1,0,0,0,0,0,0,0
North Carolina,DP03_0108P,14.1,0.2,0,0,0,0,0,0,0,0
North Carolina,DP03_0110,160063.0,3171.0,1,1,0,0,0,0,0,0
North Carolina,DP03_0110P,58.8,0.8,0,1,0,0,0,0,0,0
North Carolina,DP03_0111,104818.0,2661.0,1,0,1,0,0,0,0,0
North Carolina,DP03_0111P,38.5,0.8,0,0,1,0,0,0,0,0
North Carolina,DP03_0112,62338.0,1899.0,1,0,0,1,0,0,0,0
North Carolina,DP03_0112P,22.9,0.6,0,0,0,1,0,0,0,0
North Carolina,DP03_0113,111969.0,2681.0,1,0,0,0,0,0,0,0
North Carolina,DP03_0113P,41.2,0.8,0,0,0,0,0,0,0,0
North Carolina,DP03_0115,1150185.0,8234.0,1,1,0,0,0,0,1,0
North Carolina,DP03_0115P,82.2,0.3,0,1,0,0,0,0,1,0
North Carolina,DP03_0116,736764.0,7382.0,1,0,1,0,0,0,1,0
North Carolina,DP03_0116P,52.6,0.5,0,0,1,0,0,0,1,0
North Carolina,DP03_0117,529844.0,5961.0,1,0,0,1,0,0,1,0
North Carolina,DP03_0117P,37.9,0.3,0,0,0,1,0,0,1,0
North Carolina,DP03_0118,249535.0,4620.0,1,0,0,0,0,0,1,0
North Carolina,DP03_0118P,17.8,0.3,0,0,0,0,0,0,1,0
North Dakota,DP03_0096,681756.0,2352.0,1,1,0,0,0,1,0,1
North Dakota,DP03_0096P,92.6,0.3,0,1,0,0,0,1,0,1
North Dakota,DP03_0097,590899.0,3786.0,1,0,1,0,0,1,0,1
North Dakota,DP03_0097P,80.3,0.5,0,0,1,0,0,1,0,1
North Dakota,DP03_0098,188273.0,2739.0,1,0,0,1,0,1,0,1
North Dakota,DP03_0098P,25.6,0.4,0,0,0,1,0,1,0,1
North Dakota,DP03_0099,54485.0,2281.0,1,0,0,0,0,1,0,1
North Dakota,DP03_0099P,7.4,0.3,0,0,0,0,0,1,0,1
North Dakota,DP03_0101,13290.0,1008.0,1,0,0,0,1,0,0,1
North Dakota,DP03_0101P,7.2,0.5,0,0,0,0,1,0,0,1
North Dakota,DP03_0105,338257.0,2444.0,1,1,0,0,0,0,0,0
North Dakota,DP03_0105P,92.2,0.4,0,1,0,0,0,0,0,0
North Dakota,DP03_0106,323292.0,2614.0,1,0,1,0,0,0,0,0
North Dakota,DP03_0106P,88.2,0.5,0,0,1,0,0,0,0,0
North Dakota,DP03_0107,24773.0,990.0,1,0,0,1,0,0,0,0
North Dakota,DP03_0107P,6.8,0.3,0,0,0,1,0,0,0,0
North Dakota,DP03_0108,28473.0,1412.0,1,0,0,0,0,0,0,0
North Dakota,DP03_0108P,7.8,0.4,0,0,0,0,0,0,0,0
North Dakota,DP03_0110,6935.0,659.0,1,1,0,0,0,0,0,0
North Dakota,DP03_0110P,69.2,3.6,0,1,0,0,0,0,0,0
North Dakota,DP03_0111,4550.0,480.0,1,0,1,0,0,0,0,0
North Dakota,DP03_0111P,45.4,3.8,0,0,1,0,0,0,0,0
North Dakota,DP03_0112,2688.0,400.0,1,0,0,1,0,0,0,0
North Dakota,DP03_0112P,26.8,3.3,0,0,0,1,0,0,0,0
North Dakota,DP03_0113,3090.0,476.0,1,0,0,0,0,0,0,0
North Dakota,DP03_0113P,30.8,3.6,0,0,0,0,0,0,0,0
North Dakota,DP03_0115,62497.0,1616.0,1,1,0,0,0,0,1,0
North Dakota,DP03_0115P,87.0,0.9,0,1,0,0,0,0,1,0
North Dakota,DP03_0116,46242.0,1392.0,1,0,1,0,0,0,1,0
North Dakota,DP03_0116P,64.4,1.3,0,0,1,0,0,0,1,0
North Dakota,DP03_0117,21110.0,1105.0,1,0,0,1,0,0,1,0
North Dakota,DP03_0117P,29.4,1.3,0,0,0,1,0,0,1,0
North Dakota,DP03_0118,9316.0,725.0,1,0,0,0,0,0,1,0
North Dakota,DP03_0118P,13.0,0.9,0,0,0,0,0,0,1,0
Ohio,DP03_0096,10725441.0,11035.0,1,1,0,0,0,1,0,1
Ohio,DP03_0096P,93.5,0.1,0,1,0,0,0,1,0,1
Ohio,DP03_0097,7972087.0,29729.0,1,0,1,0,0,1,0,1
Ohio,DP03_0097P,69.5,0.3,0,0,1,0,0,1,0,1
Ohio,DP03_0098,4202287.0,20115.0,1,0,0,1,0,1,0,1
Ohio,DP03_0098P,36.6,0.2,0,0,0,1,0,1,0,1
Ohio,DP03_0099,743259.0,11056.0,1,0,0,0,0,1,0,1
Ohio,DP03_0099P,6.5,0.1,0,0,0,0,0,1,0,1
Ohio,DP03_0101,122956.0,4135.0,1,0,0,0,1,0,0,1
Ohio,DP03_0101P,4.4,0.1,0,0,0,0,1,0,0,1
Ohio,DP03_0105,4689451.0,12562.0,1,1,0,0,0,0,0,0
Ohio,DP03_0105P,92.2,0.1,0,1,0,0,0,0,0,0
Ohio,DP03_0106,4215415.0,15125.0,1,0,1,0,0,0,0,0
Ohio,DP03_0106P,82.9,0.2,0,0,1,0,0,0,0,0
Ohio,DP03_0107,597046.0,5394.0,1,0,0,1,0,0,0,0
Ohio,DP03_0107P,11.7,0.1,0,0,0,1,0,0,0,0
Ohio,DP03_0108,397844.0,6402.0,1,0,0,0,0,0,0,0
Ohio,DP03_0108P,7.8,0.1,0,0,0,0,0,0,0,0
Ohio,DP03_0110,228865.0,3662.0,1,1,0,0,0,0,0,0
Ohio,DP03_0110P,77.3,0.6,0,1,0,0,0,0,0,0
Ohio,DP03_0111,104779.0,2237.0,1,0,1,0,0,0,0,0
Ohio,DP03_0111P,35.4,0.7,0,0,1,0,0,0,0,0
Ohio,DP03_0112,132432.0,2992.0,1,0,0,1,0,0,0,0
Ohio,DP03_0112P,44.7,0.7,0,0,0,1,0,0,0,0
Ohio,DP03_0113,67396.0,2006.0,1,0,0,0,0,0,0,0
Ohio,DP03_0113P,22.7,0.6,0,0,0,0,0,0,0,0
Ohio,DP03_0115,1342153.0,7118.0,1,1,0,0,0,0,1,0
Ohio,DP03_0115P,90.2,0.2,0,1,0,0,0,0,1,0
Ohio,DP03_0116,751025.0,5162.0,1,0,1,0,0,0,1,0
Ohio,DP03_0116P,50.5,0.4,0,0,1,0,0,0,1,0
Ohio,DP03_0117,684977.0,7868.0,1,0,0,1,0,0,1,0
Ohio,DP03_0117P,46.0,0.4,0,0,0,1,0,0,1,0
Ohio,DP03_0118,146176.0,3275.0,1,0,0,0,0,0,1,0
Ohio,DP03_0118P,9.8,0.2,0,0,0,0,0,0,1,0
Oklahoma,DP03_0096,3291998.0,5139.0,1,1,0,0,0,1,0,1
Oklahoma,DP03_0096P,85.8,0.1,0,1,0,0,0,1,0,1
Oklahoma,DP03_0097,2469516.0,7772.0,1,0,1,0,0,1,0,1
Oklahoma,DP03_0097P,64.4,0.2,0,0,1,0,0,1,0,1
Oklahoma,DP03_0098,1301880.0,5713.0,1,0,0,1,0,1,0,1
Oklahoma,DP03_0098P,33.9,0.1,0,0,0,1,0,1,0,1
Oklahoma,DP03_0099,545570.0,5046.0,1,0,0,0,0,1,0,1
Oklahoma,DP03_0099P,14.2,0.1,0,0,0,0,0,1,0,1
Oklahoma,DP03_0101,82099.0,1916.0,1,0,0,0,1,0,0,1
Oklahoma,DP03_0101P,8.1,0.2,0,0,0,0,1,0,0,1
Oklahoma,DP03_0105,1334709.0,4817.0,1,1,0,0,0,0,0,0
Oklahoma,DP03_0105P,82.8,0.2,0,1,0,0,0,0,0,0
Oklahoma,DP03_0106,1275432.0,5031.0,1,0,1,0,0,0,0,0
Oklahoma,DP03_0106P,79.1,0.2,0,0,1,0,0,0,0,0
Oklahoma,DP03_0107,104018.0,2127.0,1,0,0,1,0,0,0,0
Oklahoma,DP03_0107P,6.5,0.1,0,0,0,1,0,0,0,0
Oklahoma,DP03_0108,277253.0,3418.0,1,0,0,0,0,0,0,0
Oklahoma,DP03_0108P,17.2,0.2,0,0,0,0,0,0,0,0
Oklahoma,DP03_0110,42250.0,1287.0,1,1,0,0,0,0,0,0
Oklahoma,DP03_0110P,49.0,1.1,0,1,0,0,0,0,0,0
Oklahoma,DP03_0111,28081.0,919.0,1,0,1,0,0,0,0,0
Oklahoma,DP03_0111P,32.6,0.8,0,0,1,0,0,0,0,0
Oklahoma,DP03_0112,16196.0,811.0,1,0,0,1,0,0,0,0
Oklahoma,DP03_0112P,18.8,0.9,0,0,0,1,0,0,0,0
Oklahoma,DP03_0113,44013.0,1281.0,1,0,0,0,0,0,0,0
Oklahoma,DP03_0113P,51.0,1.1,0,0,0,0,0,0,0,0
Oklahoma,DP03_0115,418643.0,2934.0,1,1,0,0,0,0,1,0
Oklahoma,DP03_0115P,75.1,0.3,0,1,0,0,0,0,1,0
Oklahoma,DP03_0116,263708.0,2555.0,1,0,1,0,0,0,1,0
Oklahoma,DP03_0116P,47.3,0.4,0,0,1,0,0,0,1,0
Oklahoma,DP03_0117,191819.0,2433.0,1,0,0,1,0,0,1,0
Oklahoma,DP03_0117P,34.4,0.4,0,0,0,1,0,0,1,0
Oklahoma,DP03_0118,138958.0,2284.0,1,0,0,0,0,0,1,0
Oklahoma,DP03_0118P,24.9,0.3,0,0,0,0,0,0,1,0
Oregon,DP03_0096,3748383.0,5453.0,1,1,0,0,0,1,0,1
Oregon,DP03_0096P,92.7,0.1,0,1,0,0,0,1,0,1
Oregon,DP03_0097,2728149.0,13584.0,1,0,1,0,0,1,0,1
Oregon,DP03_0097P,67.5,0.3,0,0,1,0,0,1,0,1
Oregon,DP03_0098,1586088.0,10210.0,1,0,0,1,0,1,0,1
Oregon,DP03_0098P,39.2,0.3,0,0,0,1,0,1,0,1
Oregon,DP03_0099,293690.0,5397.0,1,0,0,0,0,1,0,1
Oregon,DP03_0099P,7.3,0.1,0,0,0,0,0,1,0,1
Oregon,DP03_0101,35706.0,1525.0,1,0,0,0,1,0,0,1
Oregon,DP03_0101P,3.9,0.2,0,0,0,0,1,0,0,1
Oregon,DP03_0105,1617806.0,6516.0,1,1,0,0,0,0,0,0
Oregon,DP03_0105P,90.3,0.2,0,1,0,0,0,0,0,0
Oregon,DP03_0106,1425272.0,7311.0,1,0,1,0,0,0,0,0
Oregon,DP03_0106P,79.5,0.3,0,0,1,0,0,0,0,0
Oregon,DP03_0107,254130.0,4209.0,1,0,0,1,0,0,0,0
Oregon,DP03_0107P,14.2,0.2,0,0,0,1,0,0,0,0
Oregon,DP03_0108,174038.0,3665.0,1,0,0,0,0,0,0,0
Oregon,DP03_0108P,9.7,0.2,0,0,0,0,0,0,0,0
Oregon,DP03_0110,85112.0,1969.0,1,1,0,0,0,0,0,0
Oregon,DP03_0110P,78.6,1.0,0,1,0,0,0,0,0,0
Oregon,DP03_0111,40438.0,1312.0,1,0,1,0,0,0,0,0
Oregon,DP03_0111P,37.4,1.1,0,0,1,0,0,0,0,0
Oregon,DP03_0112,48517.0,1522.0,1,0,0,1,0,0,0,0
Oregon,DP03_0112P,44.8,1.1,0,0,0,1,0,0,0,0
Oregon,DP03_0113,23118.0,1311.0,1,0,0,0,0,0,0,0
Oregon,DP03_0113P,21.4,1.0,0,0,0,0,0,0,0,0
Oregon,DP03_0115,495036.0,5005.0,1,1,0,0,0,0,1,0
Oregon,DP03_0115P,89.6,0.3,0,1,0,0,0,0,1,0
Oregon,DP03_0116,284364.0,4240.0,1,0,1,0,0,0,1,0
Oregon,DP03_0116P,51.5,0.6,0,0,1,0,0,0,1,0
Oregon,DP03_0117,256002.0,4065.0,1,0,0,1,0,0,1,0
Oregon,DP03_0117P,46.3,0.6,0,0,0,1,0,0,1,0
Oregon,DP03_0118,57519.0,1817.0,1,0,0,0,0,0,1,0
Oregon,DP03_0118P,10.4,0.3,0,0,0,0,0,0,1,0
Pennsylvania,DP03_0096,11802355.0,11360.0,1,1,0,0,0,1,0,1
Pennsylvania,DP03_0096P,93.8,0.1,0,1,0,0,0,1,0,1
Pennsylvania,DP03_0097,9220970.0,26720.0,1,0,1,0,0,1,0,1
Pennsylvania,DP03_0097P,73.3,0.2,0,0,1,0,0,1,0,1
Pennsylvania,DP03_0098,4448586.0,18525.0,1,0,0,1,0,1,0,1
Pennsylvania,DP03_0098P,35.3,0.1,0,0,0,1,0,1,0,1
Pennsylvania,DP03_0099,785624.0,11346.0,1,0,0,0,0,1,0,1
Pennsylvania,DP03_0099P,6.2,0.1,0,0,0,0,0,1,0,1
Pennsylvania,DP03_0101,127886.0,3547.0,1,0,0,0,1,0,0,1
Pennsylvania,DP03_0101P,4.5,0.1,0,0,0,0,1,0,0,1
Pennsylvania,DP03_0105,5207764.0,15660.0,1,1,0,0,0,0,0,0
Pennsylvania,DP03_0105P,92.5,0.1,0,1,0,0,0,0,0,0
Pennsylvania,DP03_0106,4841279.0,17308.0,1,0,1,0,0,0,0,0
Pennsylvania,DP03_0106P,86.0,0.2,0,0,1,0,0,0,0,0
Pennsylvania,DP03_0107,502506.0,4332.0,1,0,0,1,0,0,0,0
Pennsylvania,DP03_0107P,8.9,0.1,0,0,0,1,0,0,0,0
Pennsylvania,DP03_0108,420220.0,7362.0,1,0,0,0,0,0,0,0
Pennsylvania,DP03_0108P,7.5,0.1,0,0,0,0,0,0,0,0
Pennsylvania,DP03_0110,252721.0,3775.0,1,1,0,0,0,0,0,0
Pennsylvania,DP03_0110P,76.5,0.5,0,1,0,0,0,0,0,0
Pennsylvania,DP03_0111,146154.0,2855.0,1,0,1,0,0,0,0,0
Pennsylvania,DP03_0111P,44.3,0.6,0,0,1,0,0,0,0,0
Pennsylvania,DP03_0112,117921.0,2793.0,1,0,0,1,0,0,0,0
Pennsylvania,DP03_0112P,35.7,0.7,0,0,0,1,0,0,0,0
Pennsylvania,DP03_0113,77476.0,2126.0,1,0,0,0,0,0,0,0
Pennsylvania,DP03_0113P,23.5,0.5,0,0,0,0,0,0,0,0
Pennsylvania,DP03_0115,1480656.0,9012.0,1,1,0,0,0,0,1,0
Pennsylvania,DP03_0115P,90.8,0.2,0,1,0,0,0,0,1,0
Pennsylvania,DP03_0116,912808.0,6208.0,1,0,1,0,0,0,1,0
Pennsylvania,DP03_0116P,55.9,0.4,0,0,1,0,0,0,1,0
Pennsylvania,DP03_0117,711563.0,8156.0,1,0,0,1,0,0,1,0
Pennsylvania,DP03_0117P,43.6,0.3,0,0,0,1,0,0,1,0
Pennsylvania,DP03_0118,150881.0,3455.0,1,0,0,0,0,0,1,0
Pennsylvania,DP03_0118P,9.2,0.2,0,0,0,0,0,0,1,0
Rhode Island,DP03_0096,986610.0,2520.0,1,1,0,0,0,1,0,1
Rhode Island,DP03_0096P,94.8,0.2,0,1,0,0,0,1,0,1
Rhode Island,DP03_0097,735362.0,5342.0,1,0,1,0,0,1,0,1
Rhode Island,DP03_0097P,70.6,0.5,0,0,1,0,0,1,0,1
Rhode Island,DP03_0098,384173.0,4753.0,1,0,0,1,0,1,0,1
Rhode Island,DP03_0098P,36.9,0.5,0,0,0,1,0,1,0,1
Rhode Island,DP03_0099,54269.0,2499.0,1,0,0,0,0,1,0,1
Rhode Island,DP03_0099P,5.2,0.2,0,0,0,0,0,1,0,1
Rhode Island,DP03_0101,6121.0,786.0,1,0,0,0,1,0,0,1
Rhode Island,DP03_0101P,2.7,0.3,0,0,0,0,1,0,0,1
Rhode Island,DP03_0105,451652.0,3379.0,1,1,0,0,0,0,0,0
Rhode Island,DP03_0105P,93.2,0.4,0,1,0,0,0,0,0,0
Rhode Island,DP03_0106,403397.0,3764.0,1,0,1,0,0,0,0,0
Rhode Island,DP03_0106P,83.3,0.5,0,0,1,0,0,0,0,0
Rhode Island,DP03_0107,60643.0,1874.0,1,0,0,1,0,0,0,0
Rhode Island,DP03_0107P,12.5,0.4,0,0,0,1,0,0,0,0
Rhode Island,DP03_0108,32903.0,1836.0,1,0,0,0,0,0,0,0
Rhode Island,DP03_0108P,6.8,0.4,0,0,0,0,0,0,0,0
Rhode Island,DP03_0110,24179.0,1118.0,1,1,0,0,0,0,0,0
Rhode Island,DP03_0110P,81.3,1.7,0,1,0,0,0,0,0,0
Rhode Island,DP03_0111,12482.0,784.0,1,0,1,0,0,0,0,0
Rhode Island,DP03_0111P,42.0,2.3,0,0,1,0,0,0,0,0
Rhode Island,DP03_0112,13065.0,875.0,1,0,0,1,0,0,0,0
Rhode Island,DP03_0112P,43.9,2.2,0,0,0,1,0,0,0,0
Rhode Island,DP03_0113,5553.0,539.0,1,0,0,0,0,0,0,0
Rhode Island,DP03_0113P,18.7,1.7,0,0,0,0,0,0,0,0
Rhode Island,DP03_0115,125426.0,2631.0,1,1,0,0,0,0,1,0
Rhode Island,DP03_0115P,93.3,0.5,0,1,0,0,0,0,1,0
Rhode Island,DP03_0116,70195.0,2211.0,1,0,1,0,0,0,1,0
Rhode Island,DP03_0116P,52.2,1.3,0,0,1,0,0,0,1,0
Rhode Island,DP03_0117,66219.0,2269.0,1,0,0,1,0,0,1,0
Rhode Island,DP03_0117P,49.2,1.3,0,0,0,1,0,0,1,0
Rhode Island,DP03_0118,9033.0,713.0,1,0,0,0,0,0,1,0
Rhode Island,DP03_0118P,6.7,0.5,0,0,0,0,0,0,1,0
South Carolina,DP03_0096,4323261.0,9555.0,1,1,0,0,0,1,0,1
South Carolina,DP03_0096P,89.0,0.2,0,1,0,0,0,1,0,1
South Carolina,DP03_0097,3200163.0,16199.0,1,0,1,0,0,1,0,1
South Carolina,DP03_0097P,65.9,0.3,0,0,1,0,0,1,0,1
South Carolina,DP03_0098,1789543.0,9897.0,1,0,0,1,0,1,0,1
South Carolina,DP03_0098P,36.8,0.2,0,0,0,1,0,1,0,1
South Carolina,DP03_0099,535224.0,9553.0,1,0,0,0,0,1,0,1
South Carolina,DP03_0099P,11.0,0.2,0,0,0,0,0,1,0,1
South Carolina,DP03_0101,54583.0,2516.0,1,0,0,0,1,0,0,1
South Carolina,DP03_0101P,4.7,0.2,0,0,0,0,1,0,0,1
South Carolina,DP03_0105,1756496.0,9236.0,1,1,0,0,0,0,0,0
South Carolina,DP03_0105P,85.8,0.3,0,1,0,0,0,0,0,0
South Carolina,DP03_0106,1653147.0,9034.0,1,0,1,0,0,0,0,0
South Carolina,DP03_0106P,80.8,0.3,0,0,1,0,0,0,0,0
South Carolina,DP03_0107,166257.0,3459.0,1,0,0,1,0,0,0,0
South Carolina,DP03_0107P,8.1,0.2,0,0,0,1,0,0,0,0
South Carolina,DP03_0108,289882.0,6115.0,1,0,0,0,0,0,0,0
South Carolina,DP03_0108P,14.2,0.3,0,0,0,0,0,0,0,0
South Carolina,DP03_0110,78651.0,2385.0,1,1,0,0,0,0,0,0
South Carolina,DP03_0110P,57.7,1.2,0,1,0,0,0,0,0,0
South Carolina,DP03_0111,48909.0,1876.0,1,0,1,0,0,0,0,0
South Carolina,DP03_0111P,35.9,1.1,0,0,1,0,0,0,0,0
South Carolina,DP03_0112,33834.0,1586.0,1,0,0,1,0,0,0,0
South Carolina,DP03_0112P,24.8,1.0,0,0,0,1,0,0,0,0
South Carolina,DP03_0113,57734.0,2238.0,1,0,0,0,0,0,0,0
South Carolina,DP03_0113P,42.3,1.2,0,0,0,0,0,0,0,0
South Carolina,DP03_0115,575008.0,5486.0,1,1,0,0,0,0,1,0
South Carolina,DP03_0115P,81.6,0.4,0,1,0,0,0,0,1,0
South Carolina,DP03_0116,352628.0,3904.0,1,0,1,0,0,0,1,0
South Carolina,DP03_0116P,50.0,0.6,0,0,1,0,0,0,1,0
South Carolina,DP03_0117,286810.0,4617.0,1,0,0,1,0,0,1,0
South Carolina,DP03_0117P,40.7,0.5,0,0,0,1,0,0,1,0
South Carolina,DP03_0118,130018.0,3369.0,1,0,0,0,0,0,1,0
South Carolina,DP03_0118P,18.4,0.4,0,0,0,0,0,0,1,0
South Dakota,DP03_0096,767332.0,1979.0,1,1,0,0,0,1,0,1
South Dakota,DP03_0096P,90.6,0.2,0,1,0,0,0,1,0,1
South Dakota,DP03_0097,618728.0,3304.0,1,0,1,0,0,1,0,1
South Dakota,DP03_0097P,73.1,0.4,0,0,1,0,0,1,0,1
South Dakota,DP03_0098,257408.0,3296.0,1,0,0,1,0,1,0,1
South Dakota,DP03_0098P,30.4,0.4,0,0,0,1,0,1,0,1
South Dakota,DP03_0099,79489.0,1961.0,1,0,0,0,0,1,0,1
South Dakota,DP03_0099P,9.4,0.2,0,0,0,0,0,1,0,1
South Dakota,DP03_0101,13192.0,836.0,1,0,0,0,1,0,0,1
South Dakota,DP03_0101P,5.9,0.4,0,0,0,0,1,0,0,1
South Dakota,DP03_0105,354771.0,2327.0,1,1,0,0,0,0,0,0
South Dakota,DP03_0105P,89.3,0.3,0,1,0,0,0,0,0,0
South Dakota,DP03_0106,340929.0,2269.0,1,0,1,0,0,0,0,0
South Dakota,DP03_0106P,85.8,0.3,0,0,1,0,0,0,0,0
South Dakota,DP03_0107,26076.0,989.0,1,0,0,1,0,0,0,0
South Dakota,DP03_0107P,6.6,0.2,0,0,0,1,0,0,0,0
South Dakota,DP03_0108,42668.0,1359.0,1,0,0,0,0,0,0,0
South Dakota,DP03_0108P,10.7,0.3,0,0,0,0,0,0,0,0
South Dakota,DP03_0110,6794.0,490.0,1,1,0,0,0,0,0,0
South Dakota,DP03_0110P,49.1,2.9,0,1,0,0,0,0,0,0
South Dakota,DP03_0111,4006.0,338.0,1,0,1,0,0,0,0,0
South Dakota,DP03_0111P,28.9,2.2,0,0,1,0,0,0,0,0
South Dakota,DP03_0112,3139.0,378.0,1,0,0,1,0,0,0,0
South Dakota,DP03_0112P,22.7,2.6,0,0,0,1,0,0,0,0
South Dakota,DP03_0113,7045.0,623.0,1,0,0,0,0,0,0,0
South Dakota,DP03_0113P,50.9,2.9,0,0,0,0,0,0,0,0
South Dakota,DP03_0115,65970.0,1648.0,1,1,0,0,0,0,1,0
South Dakota,DP03_0115P,80.3,0.9,0,1,0,0,0,0,1,0
South Dakota,DP03_0116,44643.0,1160.0,1,0,1,0,0,0,1,0
South Dakota,DP03_0116P,54.4,1.0,0,0,1,0,0,0,1,0
South Dakota,DP03_0117,28152.0,1185.0,1,0,0,1,0,0,1,0
South Dakota,DP03_0117P,34.3,1.1,0,0,0,1,0,0,1,0
South Dakota,DP03_0118,16156.0,834.0,1,0,0,0,0,0,1,0
South Dakota,DP03_0118P,19.7,0.9,0,0,0,0,0,0,1,0
Tennessee,DP03_0096,5886791.0,10852.0,1,1,0,0,0,1,0,1
Tennessee,DP03_0096P,89.9,0.2,0,1,0,0,0,1,0,1
Tennessee,DP03_0097,4330447.0,22491.0,1,0,1,0,0,1,0,1
Tennessee,DP03_0097P,66.1,0.3,0,0,1,0,0,1,0,1
Tennessee,DP03_0098,2375977.0,13324.0,1,0,0,1,0,1,0,1
Tennessee,DP03_0098P,36.3,0.2,0,0,0,1,0,1,0,1
Tennessee,DP03_0099,660872.0,10786.0,1,0,0,0,0,1,0,1
Tennessee,DP03_0099P,10.1,0.2,0,0,0,0,0,1,0,1
Tennessee,DP03_0101,72022.0,2659.0,1,0,0,0,1,0,0,1
Tennessee,DP03_0101P,4.5,0.2,0,0,0,0,1,0,0,1
Tennessee,DP03_0105,2451266.0,11517.0,1,1,0,0,0,0,0,0
Tennessee,DP03_0105P,87.3,0.3,0,1,0,0,0,0,0,0
Tennessee,DP03_0106,2274873.0,12410.0,1,0,1,0,0,0,0,0
Tennessee,DP03_0106P,81.0,0.3,0,0,1,0,0,0,0,0
Tennessee,DP03_0107,256680.0,2990.0,1,0,0,1,0,0,0,0
Tennessee,DP03_0107P,9.1,0.1,0,0,0,1,0,0,0,0
Tennessee,DP03_0108,355916.0,7072.0,1,0,0,0,0,0,0,0
Tennessee,DP03_0108P,12.7,0.3,0,0,0,0,0,0,0,0
Tennessee,DP03_0110,104127.0,2304.0,1,1,0,0,0,0,0,0
Tennessee,DP03_0110P,61.8,0.9,0,1,0,0,0,0,0,0
Tennessee,DP03_0111,60501.0,1599.0,1,0,1,0,0,0,0,0
Tennessee,DP03_0111P,35.9,1.0,0,0,1,0,0,0,0,0
Tennessee,DP03_0112,48793.0,1983.0,1,0,0,1,0,0,0,0
Tennessee,DP03_0112P,28.9,1.0,0,0,0,1,0,0,0,0
Tennessee,DP03_0113,64426.0,2178.0,1,0,0,0,0,0,0,0
Tennessee,DP03_0113P,38.2,0.9,0,0,0,0,0,0,0,0
Tennessee,DP03_0115,807931.0,5970.0,1,1,0,0,0,0,1,0
Tennessee,DP03_0115P,83.1,0.3,0,1,0,0,0,0,1,0
Tennessee,DP03_0116,472188.0,4835.0,1,0,1,0,0,0,1,0
Tennessee,DP03_0116P,48.6,0.5,0,0,1,0,0,0,1,0
Tennessee,DP03_0117,418511.0,5357.0,1,0,0,1,0,0,1,0
Tennessee,DP03_0117P,43.1,0.4,0,0,0,1,0,0,1,0
Tennessee,DP03_0118,163821.0,3619.0,1,0,0,0,0,0,1,0
Tennessee,DP03_0118P,16.9,0.3,0,0,0,0,0,0,1,0
Texas,DP03_0096,22652748.0,37052.0,1,1,0,0,0,1,0,1
Texas,DP03_0096P,82.6,0.1,0,1,0,0,0,1,0,1
Texas,DP03_0097,17101346.0,61350.0,1,0,1,0,0,1,0,1
Texas,DP03_0097P,62.4,0.2,0,0,1,0,0,1,0,1
Texas,DP03_0098,7873672.0,24098.0,1,0,0,1,0,1,0,1
Texas,DP03_0098P,28.7,0.1,0,0,0,1,0,1,0,1
Texas,DP03_0099,4764897.0,37331.0,1,0,0,0,0,1,0,1
Texas,DP03_0099P,17.4,0.1,0,0,0,0,0,1,0,1
Texas,DP03_0101,814530.0,11141.0,1,0,0,0,1,0,0,1
Texas,DP03_0101P,10.6,0.1,0,0,0,0,1,0,0,1
Texas,DP03_0105,9579707.0,31721.0,1,1,0,0,0,0,0,0
Texas,DP03_0105P,79.3,0.2,0,1,0,0,0,0,0,0
Texas,DP03_0106,9184068.0,31949.0,1,0,1,0,0,0,0,0
Texas,DP03_0106P,76.0,0.2,0,0,1,0,0,0,0,0
Texas,DP03_0107,648436.0,7813.0,1,0,0,1,0,0,0,0
Texas,DP03_0107P,5.4,0.1,0,0,0,1,0,0,0,0
Texas,DP03_0108,2505115.0,22782.0,1,0,0,0,0,0,0,0
Texas,DP03_0108P,20.7,0.2,0,0,0,0,0,0,0,0
Texas,DP03_0110,337960.0,4915.0,1,1,0,0,0,0,0,0
Texas,DP03_0110P,51.6,0.6,0,1,0,0,0,0,0,0
Texas,DP03_0111,252099.0,4480.0,1,0,1,0,0,0,0,0
Texas,DP03_0111P,38.5,0.6,0,0,1,0,0,0,0,0
Texas,DP03_0112,100527.0,2805.0,1,0,0,1,0,0,0,0
Texas,DP03_0112P,15.3,0.4,0,0,0,1,0,0,0,0
Texas,DP03_0113,316965.0,5318.0,1,0,0,0,0,0,0,0
Texas,DP03_0113P,48.4,0.6,0,0,0,0,0,0,0,0
Texas,DP03_0115,2669681.0,12349.0,1,1,0,0,0,0,1,0
Texas,DP03_0115P,71.4,0.3,0,1,0,0,0,0,1,0
Texas,DP03_0116,1838192.0,11630.0,1,0,1,0,0,0,1,0
Texas,DP03_0116P,49.2,0.3,0,0,1,0,0,0,1,0
Texas,DP03_0117,1035135.0,8645.0,1,0,0,1,0,0,1,0
Texas,DP03_0117P,27.7,0.2,0,0,0,1,0,0,1,0
Texas,DP03_0118,1066807.0,11432.0,1,0,0,0,0,0,1,0
Texas,DP03_0118P,28.6,0.3,0,0,0,0,0,0,1,0
Utah,DP03_0096,2717818.0,6973.0,1,1,0,0,0,1,0,1
Utah,DP03_0096P,90.0,0.2,0,1,0,0,0,1,0,1
Utah,DP03_0097,2349674.0,9520.0,1,0,1,0,0,1,0,1
Utah,DP03_0097P,77.8,0.3,0,0,1,0,0,1,0,1
Utah,DP03_0098,638355.0,6070.0,1,0,0,1,0,1,0,1
Utah,DP03_0098P,21.1,0.2,0,0,0,1,0,1,0,1
Utah,DP03_0099,301761.0,6989.0,1,0,0,0,0,1,0,1
Utah,DP03_0099P,10.0,0.2,0,0,0,0,0,1,0,1
Utah,DP03_0101,71682.0,3432.0,1,0,0,0,1,0,0,1
Utah,DP03_0101P,7.4,0.4,0,0,0,0,1,0,0,1
Utah,DP03_0105,1179118.0,4893.0,1,1,0,0,0,0,0,0
Utah,DP03_0105P,88.4,0.3,0,1,0,0,0,0,0,0
Utah,DP03_0106,1142566.0,5204.0,1,0,1,0,0,0,0,0
Utah,DP03_0106P,85.6,0.3,0,0,1,0,0,0,0,0
Utah,DP03_0107,62370.0,1800.0,1,0,0,1,0,0,0,0
Utah,DP03_0107P,4.7,0.1,0,0,0,1,0,0,0,0
Utah,DP03_0108,155052.0,3652.0,1,0,0,0,0,0,0,0
Utah,DP03_0108P,11.6,0.3,0,0,0,0,0,0,0,0
Utah,DP03_0110,32075.0,1361.0,1,1,0,0,0,0,0,0
Utah,DP03_0110P,65.3,1.9,0,1,0,0,0,0,0,0
Utah,DP03_0111,24174.0,1119.0,1,0,1,0,0,0,0,0
Utah,DP03_0111P,49.2,1.9,0,0,1,0,0,0,0,0
Utah,DP03_0112,9264.0,853.0,1,0,0,1,0,0,0,0
Utah,DP03_0112P,18.9,1.5,0,0,0,1,0,0,0,0
Utah,DP03_0113,17029.0,1290.0,1,0,0,0,0,0,0,0
Utah,DP03_0113P,34.7,1.9,0,0,0,0,0,0,0,0
Utah,DP03_0115,299149.0,3070.0,1,1,0,0,0,0,1,0
Utah,DP03_0115P,84.5,0.5,0,1,0,0,0,0,1,0
Utah,DP03_0116,241168.0,2858.0,1,0,1,0,0,0,1,0
Utah,DP03_0116P,68.1,0.7,0,0,1,0,0,0,1,0
Utah,DP03_0117,80184.0,1969.0,1,0,0,1,0,0,1,0
Utah,DP03_0117P,22.6,0.5,0,0,0,1,0,0,1,0
Utah,DP03_0118,54921.0,1972.0,1,0,0,0,0,0,1,0
Utah,DP03_0118P,15.5,0.5,0,0,0,0,0,0,1,0
Vermont,DP03_0096,593534.0,1124.0,1,1,0,0,0,1,0,1
Vermont,DP03_0096P,95.9,0.2,0,1,0,0,0,1,0,1
Vermont,DP03_0097,425733.0,3564.0,1,0,1,0,0,1,0,1
Vermont,DP03_0097P,68.8,0.6,0,0,1,0,0,1,0,1
Vermont,DP03_0098,258210.0,3191.0,1,0,0,1,0,1,0,1
Vermont,DP03_0098P,41.7,0.5,0,0,0,1,0,1,0,1
Vermont,DP03_0099,25362.0,1123.0,1,0,0,0,0,1,0,1
Vermont,DP03_0099P,4.1,0.2,0,0,0,0,0,1,0,1
Vermont,DP03_0101,2197.0,355.0,1,0,0,0,1,0,0,1
Vermont,DP03_0101P,1.7,0.3,0,0,0,0,1,0,0,1
Vermont,DP03_0105,276931.0,1880.0,1,1,0,0,0,0,0,0
Vermont,DP03_0105P,94.0,0.3,0,1,0,0,0,0,0,0
Vermont,DP03_0106,236913.0,2326.0,1,0,1,0,0,0,0,0
Vermont,DP03_0106P,80.4,0.6,0,0,1,0,0,0,0,0
Vermont,DP03_0107,48027.0,1503.0,1,0,0,1,0,0,0,0
Vermont,DP03_0107P,16.3,0.5,0,0,0,1,0,0,0,0
Vermont,DP03_0108,17730.0,839.0,1,0,0,0,0,0,0,0
Vermont,DP03_0108P,6.0,0.3,0,0,0,0,0,0,0,0
Vermont,DP03_0110,10182.0,589.0,1,1,0,0,0,0,0,0
Vermont,DP03_0110P,84.9,2.3,0,1,0,0,0,0,0,0
Vermont,DP03_0111,4672.0,473.0,1,0,1,0,0,0,0,0
Vermont,DP03_0111P,39.0,3.3,0,0,1,0,0,0,0,0
Vermont,DP03_0112,5865.0,457.0,1,0,0,1,0,0,0,0
Vermont,DP03_0112P,48.9,3.0,0,0,0,1,0,0,0,0
Vermont,DP03_0113,1808.0,315.0,1,0,0,0,0,0,0,0
Vermont,DP03_0113P,15.1,2.3,0,0,0,0,0,0,0,0
Vermont,DP03_0115,70753.0,1680.0,1,1,0,0,0,0,1,0
Vermont,DP03_0115P,95.4,0.4,0,1,0,0,0,0,1,0
Vermont,DP03_0116,37577.0,1019.0,1,0,1,0,0,0,1,0
Vermont,DP03_0116P,50.7,1.1,0,0,1,0,0,0,1,0
Vermont,DP03_0117,39026.0,1434.0,1,0,0,1,0,0,1,0
Vermont,DP03_0117P,52.6,1.2,0,0,0,1,0,0,1,0
Vermont,DP03_0118,3425.0,324.0,1,0,0,0,0,0,1,0
Vermont,DP03_0118P,4.6,0.4,0,0,0,0,0,0,1,0
Virginia,DP03_0096,7441903.0,13022.0,1,1,0,0,0,1,0,1
Virginia,DP03_0096P,90.8,0.2,0,1,0,0,0,1,0,1
Virginia,DP03_0097,6231792.0,22814.0,1,0,1,0,0,1,0,1
Virginia,DP03_0097P,76.0,0.3,0,0,1,0,0,1,0,1
Virginia,DP03_0098,2237141.0,10719.0,1,0,0,1,0,1,0,1
Virginia,DP03_0098P,27.3,0.1,0,0,0,1,0,1,0,1
Virginia,DP03_0099,755739.0,13538.0,1,0,0,0,0,1,0,1
Virginia,DP03_0099P,9.2,0.2,0,0,0,0,0,1,0,1
Virginia,DP03_0101,103440.0,3631.0,1,0,0,0,1,0,0,1
Virginia,DP03_0101P,5.2,0.2,0,0,0,0,1,0,0,1
Virginia,DP03_0105,3387246.0,12492.0,1,1,0,0,0,0,0,0
Virginia,DP03_0105P,89.2,0.2,0,1,0,0,0,0,0,0
Virginia,DP03_0106,3278199.0,12531.0,1,0,1,0,0,0,0,0
Virginia,DP03_0106P,86.3,0.2,0,0,1,0,0,0,0,0
Virginia,DP03_0107,212868.0,3403.0,1,0,0,1,0,0,0,0
Virginia,DP03_0107P,5.6,0.1,0,0,0,1,0,0,0,0
Virginia,DP03_0108,410019.0,8286.0,1,0,0,0,0,0,0,0
Virginia,DP03_0108P,10.8,0.2,0,0,0,0,0,0,0,0
Virginia,DP03_0110,124560.0,2940.0,1,1,0,0,0,0,0,0
Virginia,DP03_0110P,65.2,1.0,0,1,0,0,0,0,0,0
Virginia,DP03_0111,92676.0,2202.0,1,0,1,0,0,0,0,0
Virginia,DP03_0111P,48.5,1.0,0,0,1,0,0,0,0,0
Virginia,DP03_0112,38093.0,1734.0,1,0,0,1,0,0,0,0
Virginia,DP03_0112P,19.9,0.7,0,0,0,1,0,0,0,0
Virginia,DP03_0113,66485.0,2455.0,1,0,0,0,0,0,0,0
Virginia,DP03_0113P,34.8,1.0,0,0,0,0,0,0,0,0
Virginia,DP03_0115,859697.0,5479.0,1,1,0,0,0,0,1,0
Virginia,DP03_0115P,84.0,0.3,0,1,0,0,0,0,1,0
Virginia,DP03_0116,628157.0,4841.0,1,0,1,0,0,0,1,0
Virginia,DP03_0116P,61.4,0.5,0,0,1,0,0,0,1,0
Virginia,DP03_0117,302222.0,3942.0,1,0,0,1,0,0,1,0
Virginia,DP03_0117P,29.5,0.3,0,0,0,1,0,0,1,0
Virginia,DP03_0118,163848.0,3918.0,1,0,0,0,0,0,1,0
Virginia,DP03_0118P,16.0,0.3,0,0,0,0,0,0,1,0
Washington,DP03_0096,6699539.0,8130.0,1,1,0,0,0,1,0,1
Washington,DP03_0096P,93.2,0.1,0,1,0,0,0,1,0,1
Washington,DP03_0097,5117530.0,18086.0,1,0,1,0,0,1,0,1
Washington,DP03_0097P,71.2,0.3,0,0,1,0,0,1,0,1
Washington,DP03_0098,2500984.0,12667.0,1,0,0,1,0,1,0,1
Washington,DP03_0098P,34.8,0.2,0,0,0,1,0,1,0,1
Washington,DP03_0099,487856.0,8193.0,1,0,0,0,0,1,0,1
Washington,DP03_0099P,6.8,0.1,0,0,0,0,0,1,0,1
Washington,DP03_0101,53262.0,2393.0,1,0,0,0,1,0,0,1
Washington,DP03_0101P,3.1,0.1,0,0,0,0,1,0,0,1
Washington,DP03_0105,2987610.0,9147.0,1,1,0,0,0,0,0,0
Washington,DP03_0105P,91.3,0.2,0,1,0,0,0,0,0,0
Washington,DP03_0106,2722781.0,10272.0,1,0,1,0,0,0,0,0
Washington,DP03_0106P,83.2,0.2,0,0,1,0,0,0,0,0
Washington,DP03_0107,367895.0,4824.0,1,0,0,1,0,0,0,0
Washington,DP03_0107P,11.2,0.1,0,0,0,1,0,0,0,0
Washington,DP03_0108,283717.0,5529.0,1,0,0,0,0,0,0,0
Washington,DP03_0108P,8.7,0.2,0,0,0,0,0,0,0,0
Washington,DP03_0110,135622.0,2750.0,1,1,0,0,0,0,0,0
Washington,DP03_0110P,77.8,0.8,0,1,0,0,0,0,0,0
Washington,DP03_0111,76643.0,1885.0,1,0,1,0,0,0,0,0
Washington,DP03_0111P,44.0,0.9,0,0,1,0,0,0,0,0
Washington,DP03_0112,65357.0,1832.0,1,0,0,1,0,0,0,0
Washington,DP03_0112P,37.5,0.8,0,0,0,1,0,0,0,0
Washington,DP03_0113,38638.0,1631.0,1,0,0,0,0,0,0,0
Washington,DP03_0113P,22.2,0.8,0,0,0,0,0,0,0,0
Washington,DP03_0115,860275.0,5562.0,1,1,0,0,0,0,1,0
Washington,DP03_0115P,89.1,0.3,0,1,0,0,0,0,1,0
Washington,DP03_0116,540290.0,4668.0,1,0,1,0,0,0,1,0
Washington,DP03_0116P,55.9,0.5,0,0,1,0,0,0,1,0
Washington,DP03_0117,393827.0,4579.0,1,0,0,1,0,0,1,0
Washington,DP03_0117P,40.8,0.4,0,0,0,1,0,0,1,0
Washington,DP03_0118,105520.0,2860.0,1,0,0,0,0,0,1,0
Washington,DP03_0118P,10.9,0.3,0,0,0,0,0,0,1,0
West Virginia,DP03_0096,1683444.0,3154.0,1,1,0,0,0,1,0,1
West Virginia,DP03_0096P,93.5,0.2,0,1,0,0,0,1,0,1
West Virginia,DP03_0097,1139051.0,7877.0,1,0,1,0,0,1,0,1
West Virginia,DP03_0097P,63.3,0.4,0,0,1,0,0,1,0,1
West Virginia,DP03_0098,831095.0,6048.0,1,0,0,1,0,1,0,1
West Virginia,DP03_0098P,46.2,0.3,0,0,0,1,0,1,0,1
West Virginia,DP03_0099,116826.0,3207.0,1,0,0,0,0,1,0,1
West Virginia,DP03_0099P,6.5,0.2,0,0,0,0,0,1,0,1
West Virginia,DP03_0101,11670.0,914.0,1,0,0,0,1,0,0,1
West Virginia,DP03_0101P,3.0,0.2,0,0,0,0,1,0,0,1
West Virginia,DP03_0105,620827.0,4229.0,1,1,0,0,0,0,0,0
West Virginia,DP03_0105P,90.7,0.3,0,1,0,0,0,0,0,0
West Virginia,DP03_0106,543649.0,4744.0,1,0,1,0,0,0,0,0
West Virginia,DP03_0106P,79.4,0.4,0,0,1,0,0,0,0,0
West Virginia,DP03_0107,99987.0,2348.0,1,0,0,1,0,0,0,0
West Virginia,DP03_0107P,14.6,0.4,0,0,0,1,0,0,0,0
West Virginia,DP03_0108,63612.0,2030.0,1,0,0,0,0,0,0,0
West Virginia,DP03_0108P,9.3,0.3,0,0,0,0,0,0,0,0
West Virginia,DP03_0110,37424.0,1464.0,1,1,0,0,0,0,0,0
West Virginia,DP03_0110P,77.2,1.4,0,1,0,0,0,0,0,0
West Virginia,DP03_0111,14382.0,835.0,1,0,1,0,0,0,0,0
West Virginia,DP03_0111P,29.7,1.4,0,0,1,0,0,0,0,0
West Virginia,DP03_0112,24610.0,1187.0,1,0,0,1,0,0,0,0
West Virginia,DP03_0112P,50.8,1.6,0,0,0,1,0,0,0,0
West Virginia,DP03_0113,11044.0,848.0,1,0,0,0,0,0,0,0
West Virginia,DP03_0113P,22.8,1.4,0,0,0,0,0,0,0,0
West Virginia,DP03_0115,306742.0,3699.0,1,1,0,0,0,0,1,0
West Virginia,DP03_0115P,91.1,0.4,0,1,0,0,0,0,1,0
West Virginia,DP03_0116,147610.0,2628.0,1,0,1,0,0,0,1,0
West Virginia,DP03_0116P,43.8,0.7,0,0,1,0,0,0,1,0
West Virginia,DP03_0117,189383.0,2971.0,1,0,0,1,0,0,1,0
West Virginia,DP03_0117P,56.3,0.6,0,0,0,1,0,0,1,0
West Virginia,DP03_0118,29898.0,1474.0,1,0,0,0,0,0,1,0
West Virginia,DP03_0118P,8.9,0.4,0,0,0,0,0,0,1,0
Wisconsin,DP03_0096,5376782.0,6214.0,1,1,0,0,0,1,0,1
Wisconsin,DP03_0096P,94.2,0.1,0,1,0,0,0,1,0,1
Wisconsin,DP03_0097,4272859.0,14461.0,1,0,1,0,0,1,0,1
Wisconsin,DP03_0097P,74.9,0.3,0,0,1,0,0,1,0,1
Wisconsin,DP03_0098,1855766.0,10480.0,1,0,0,1,0,1,0,1
Wisconsin,DP03_0098P,32.5,0.2,0,0,0,1,0,1,0,1
Wisconsin,DP03_0099,329424.0,6251.0,1,0,0,0,0,1,0,1
Wisconsin,DP03_0099P,5.8,0.1,0,0,0,0,0,1,0,1
Wisconsin,DP03_0101,53511.0,1584.0,1,0,0,0,1,0,0,1
Wisconsin,DP03_0101P,3.9,0.1,0,0,0,0,1,0,0,1
Wisconsin,DP03_0105,2524678.0,7108.0,1,1,0,0,0,0,0,0
Wisconsin,DP03_0105P,92.9,0.2,0,1,0,0,0,0,0,0
Wisconsin,DP03_0106,2348605.0,8606.0,1,0,1,0,0,0,0,0
Wisconsin,DP03_0106P,86.4,0.2,0,0,1,0,0,0,0,0
Wisconsin,DP03_0107,238485.0,3485.0,1,0,0,1,0,0,0,0
Wisconsin,DP03_0107P,8.8,0.1,0,0,0,1,0,0,0,0
Wisconsin,DP03_0108,194376.0,4582.0,1,0,0,0,0,0,0,0
Wisconsin,DP03_0108P,7.1,0.2,0,0,0,0,0,0,0,0
Wisconsin,DP03_0110,85216.0,1780.0,1,1,0,0,0,0,0,0
Wisconsin,DP03_0110P,78.3,0.8,0,1,0,0,0,0,0,0
Wisconsin,DP03_0111,46703.0,1361.0,1,0,1,0,0,0,0,0
Wisconsin,DP03_0111P,42.9,1.0,0,0,1,0,0,0,0,0
Wisconsin,DP03_0112,42055.0,1245.0,1,0,0,1,0,0,0,0
Wisconsin,DP03_0112P,38.7,0.9,0,0,0,1,0,0,0,0
Wisconsin,DP03_0113,23559.0,1106.0,1,0,0,0,0,0,0,0
Wisconsin,DP03_0113P,21.7,0.8,0,0,0,0,0,0,0,0
Wisconsin,DP03_0115,556813.0,4215.0,1,1,0,0,0,0,1,0
Wisconsin,DP03_0115P,91.0,0.3,0,1,0,0,0,0,1,0
Wisconsin,DP03_0116,351896.0,3374.0,1,0,1,0,0,0,1,0
Wisconsin,DP03_0116P,57.5,0.5,0,0,1,0,0,0,1,0
Wisconsin,DP03_0117,256436.0,3753.0,1,0,0,1,0,0,1,0
Wisconsin,DP03_0117P,41.9,0.5,0,0,0,1,0,0,1,0
Wisconsin,DP03_0118,55167.0,1686.0,1,0,0,0,0,0,1,0
Wisconsin,DP03_0118P,9.0,0.3,0,0,0,0,0,0,1,0
Wyoming,DP03_0096,507036.0,2263.0,1,1,0,0,0,1,0,1
Wyoming,DP03_0096P,88.7,0.4,0,1,0,0,0,1,0,1
Wyoming,DP03_0097,423627.0,3450.0,1,0,1,0,0,1,0,1
Wyoming,DP03_0097P,74.1,0.6,0,0,1,0,0,1,0,1
Wyoming,DP03_0098,154715.0,2195.0,1,0,0,1,0,1,0,1
Wyoming,DP03_0098P,27.1,0.4,0,0,0,1,0,1,0,1
Wyoming,DP03_0099,64887.0,2227.0,1,0,0,0,0,1,0,1
Wyoming,DP03_0099P,11.3,0.4,0,0,0,0,0,1,0,1
Wyoming,DP03_0101,11153.0,946.0,1,0,0,0,1,0,0,1
Wyoming,DP03_0101P,7.7,0.6,0,0,0,0,1,0,0,1
Wyoming,DP03_0105,228436.0,2334.0,1,1,0,0,0,0,0,0
Wyoming,DP03_0105P,86.1,0.6,0,1,0,0,0,0,0,0
Wyoming,DP03_0106,219971.0,2471.0,1,0,1,0,0,0,0,0
Wyoming,DP03_0106P,82.9,0.7,0,0,1,0,0,0,0,0
Wyoming,DP03_0107,15414.0,927.0,1,0,0,1,0,0,0,0
Wyoming,DP03_0107P,5.8,0.3,0,0,0,1,0,0,0,0
Wyoming,DP03_0108,36890.0,1563.0,1,0,0,0,0,0,0,0
Wyoming,DP03_0108P,13.9,0.6,0,0,0,0,0,0,0,0
Wyoming,DP03_0110,6745.0,612.0,1,1,0,0,0,0,0,0
Wyoming,DP03_0110P,56.7,3.5,0,1,0,0,0,0,0,0
Wyoming,DP03_0111,4931.0,476.0,1,0,1,0,0,0,0,0
Wyoming,DP03_0111P,41.5,3.5,0,0,1,0,0,0,0,0
Wyoming,DP03_0112,2199.0,417.0,1,0,0,1,0,0,0,0
Wyoming,DP03_0112P,18.5,3.1,0,0,0,1,0,0,0,0
Wyoming,DP03_0113,5149.0,574.0,1,0,0,0,0,0,0,0
Wyoming,DP03_0113P,43.3,3.5,0,0,0,0,0,0,0,0
Wyoming,DP03_0115,52891.0,1439.0,1,1,0,0,0,0,1,0
Wyoming,DP03_0115P,82.3,1.3,0,1,0,0,0,0,1,0
Wyoming,DP03_0116,39340.0,1133.0,1,0,1,0,0,0,1,0
Wyoming,DP03_0116P,61.2,1.6,0,0,1,0,0,0,1,0
Wyoming,DP03_0117,18257.0,1183.0,1,0,0,1,0,0,1,0
Wyoming,DP03_0117P,28.4,1.5,0,0,0,1,0,0,1,0
Wyoming,DP03_0118,11380.0,901.0,1,0,0,0,0,0,1,0
Wyoming,DP03_0118P,17.7,1.3,0,0,0,0,0,0,1,0
Puerto Rico,DP03_0096,3151779.0,4179.0,1,1,0,0,0,1,0,1
Puerto Rico,DP03_0096P,93.8,0.1,0,1,0,0,0,1,0,1
Puerto Rico,DP03_0097,1302547.0,9484.0,1,0,1,0,0,1,0,1
Puerto Rico,DP03_0097P,38.7,0.3,0,0,1,0,0,1,0,1
Puerto Rico,DP03_0098,2078056.0,10288.0,1,0,0,1,0,1,0,1
Puerto Rico,DP03_0098P,61.8,0.3,0,0,0,1,0,1,0,1
Puerto Rico,DP03_0099,209792.0,4182.0,1,0,0,0,0,1,0,1
Puerto Rico,DP03_0099P,6.2,0.1,0,0,0,0,0,1,0,1
Puerto Rico,DP03_0101,22970.0,1549.0,1,0,0,0,1,0,0,1
Puerto Rico,DP03_0101P,3.1,0.2,0,0,0,0,1,0,0,1
Puerto Rico,DP03_0105,879498.0,5387.0,1,1,0,0,0,0,0,0
Puerto Rico,DP03_0105P,89.4,0.3,0,1,0,0,0,0,0,0
Puerto Rico,DP03_0106,605914.0,5180.0,1,0,1,0,0,0,0,0
Puerto Rico,DP03_0106P,61.6,0.4,0,0,1,0,0,0,0,0
Puerto Rico,DP03_0107,293730.0,4251.0,1,0,0,1,0,0,0,0
Puerto Rico,DP03_0107P,29.8,0.4,0,0,0,1,0,0,0,0
Puerto Rico,DP03_0108,104743.0,2666.0,1,0,0,0,0,0,0,0
Puerto Rico,DP03_0108P,10.6,0.3,0,0,0,0,0,0,0,0
Puerto Rico,DP03_0110,173258.0,3449.0,1,1,0,0,0,0,0,0
Puerto Rico,DP03_0110P,87.3,0.7,0,1,0,0,0,0,0,0
Puerto Rico,DP03_0111,34431.0,1454.0,1,0,1,0,0,0,0,0
Puerto Rico,DP03_0111P,17.3,0.7,0,0,1,0,0,0,0,0
Puerto Rico,DP03_0112,141159.0,3254.0,1,0,0,1,0,0,0,0
Puerto Rico,DP03_0112P,71.1,1.0,0,0,0,1,0,0,0,0
Puerto Rico,DP03_0113,25297.0,1482.0,1,0,0,0,0,0,0,0
Puerto Rico,DP03_0113P,12.7,0.7,0,0,0,0,0,0,0,0
Puerto Rico,DP03_0115,757540.0,5848.0,1,1,0,0,0,0,1,0
Puerto Rico,DP03_0115P,93.5,0.2,0,1,0,0,0,0,1,0
Puerto Rico,DP03_0116,217078.0,3505.0,1,0,1,0,0,0,1,0
Puerto Rico,DP03_0116P,26.8,0.4,0,0,1,0,0,0,1,0
Puerto Rico,DP03_0117,572182.0,5736.0,1,0,0,1,0,0,1,0
Puerto Rico,DP03_0117P,70.6,0.4,0,0,0,1,0,0,1,0
Puerto Rico,DP03_0118,52428.0,1824.0,1,0,0,0,0,0,1,0
Puerto Rico,DP03_0118P,6.5,0.2,0,0,0,0,0,0,1,0
