state,population,agegroup,pct_pop
AL,293203,0,0.059985830231608
AL,297900,1,0.0609467803057814
AL,310495,2,0.0635235668044431
AL,315680,3,0.0645843558473618
AL,325220,4,0.0665361258511119
AL,340014,5,0.0695628014732795
AL,303526,6,0.0620977926790621
AL,303994,7,0.0621935398867932
AL,288308,8,0.0589843717233945
AL,312966,9,0.0640291038777415
AL,314492,10,0.0643413052431212
AL,336811,11,0.0689075059468632
AL,318368,12,0.0651342885276637
AL,270799,13,0.0554022395435559
AL,216922,14,0.0443796491355848
AL,150858,15,0.0308637441536407
AL,98450,16,0.020141693592159
AL,89865,17,0.0183853051768347
AK,53115,0,0.0720263940832992
AK,52056,1,0.0705903411541038
AK,49759,2,0.0674755030253391
AK,46263,3,0.0627347654989301
AK,53000,4,0.0718704487699305
AK,61672,5,0.083630081444135
AK,57193,6,0.0775563504999742
AK,51672,7,0.0700696194120726
AK,42978,8,0.0582801537213976
AK,43558,9,0.0590666605192572
AK,44559,10,0.0604240627686667
AK,49246,11,0.0667798513230943
AK,45356,12,0.061504831592622
AK,35078,13,0.0475673887160683
AK,23477,14,0.0318358967126728
AK,13893,15,0.0188395499011442
AK,7710,16,0.0104551162267201
AK,6853,17,0.0092929846305723
AZ,435936,0,0.060786045490812
AZ,451726,1,0.0629877715659697
AZ,476421,2,0.0664311930622342
AZ,473794,3,0.0660648894270576
AZ,492176,4,0.0686280388072696
AZ,517980,5,0.0722260970494082
AZ,467865,6,0.0652381615043464
AZ,458887,7,0.0639862871089845
AZ,421544,8,0.0587792537445379
AZ,432165,9,0.0602602247796392
AZ,418625,10,0.0583722342123412
AZ,442085,11,0.0616434497742917
AZ,424192,12,0.0591484855777879
AZ,389729,13,0.0543430336634017
AZ,336433,14,0.046911545829228
AZ,239494,15,0.0333945652086006
AZ,150319,16,0.0209601812470945
AZ,142275,17,0.0198385419469952
AR,190343,0,0.0631566199099151
AR,193284,1,0.0641324562640498
AR,200786,2,0.0666216518875515
AR,197707,3,0.0656000265443415
AR,201638,4,0.0669043491244515
AR,206497,5,0.0685165860658797
AR,190091,6,0.0630730052342123
AR,191673,7,0.0635979195872355
AR,176845,8,0.0586779258915166
AR,184172,9,0.0611090557680025
AR,184495,10,0.0612162285467803
AR,198163,11,0.0657513292908513
AR,186304,12,0.0618164624687897
AR,162561,13,0.0539384337179498
AR,133450,14,0.0442792796529327
AR,95234,15,0.0315990477217489
AR,61565,16,0.0204275298001709
AR,59017,17,0.0195820925236203
CA,2441300,0,0.0617159345446557
CA,2488902,1,0.0629193105804541
CA,2547973,2,0.0644126223280834
CA,2545375,3,0.0643469450258481
CA,2711800,4,0.0685541602007936
CA,3125816,5,0.0790204627266774
CA,2917983,6,0.0737664555074829
CA,2754980,7,0.0696457483110783
CA,2500691,8,0.0632173358753163
CA,2568083,9,0.0649210020617061
CA,2503891,10,0.0632982317056292
CA,2518810,11,0.0636753832345161
CA,2262416,12,0.0571937565103763
CA,1853102,13,0.0468463202951585
CA,1432312,14,0.0362087714084811
CA,976718,15,0.0246913792473629
CA,663308,16,0.0167683910666229
CA,743585,17,0.018797789369757
CO,336854,0,0.0591432209347485
CO,347953,1,0.0610919304918705
CO,365378,2,0.0641513289992001
CO,363364,3,0.063797720471581
CO,378514,4,0.0664576853143956
CO,453907,5,0.0796948291688058
CO,440515,6,0.0773435255929
CO,415058,7,0.0728739067807859
CO,365021,8,0.0640886486395377
CO,367581,9,0.0645381212466404
CO,342590,10,0.0601503204950379
CO,367276,11,0.0644845707993098
CO,343324,12,0.0602791927191056
CO,288077,13,0.0505791875923087
CO,212721,14,0.037348540021673
CO,134107,15,0.0235458683284043
CO,84960,16,0.0149168721482192
CO,88364,17,0.015514530255476
CT,183134,0,0.0512597738662875
CT,196011,1,0.0548640860534083
CT,217897,2,0.0609900452463357
CT,241904,3,0.0677096789091616
CT,243116,4,0.0680489214633894
CT,222923,5,0.0623968382146101
CT,222467,6,0.0622692024021284
CT,217876,7,0.0609841672812872
CT,205460,8,0.0575088904221359
CT,234976,9,0.0657705102493517
CT,259975,10,0.0727678077849448
CT,269467,11,0.0754246479868669
CT,242338,12,0.0678311568534973
CT,190320,13,0.0532711575252648
CT,153250,14,0.0428951496991741
CT,107386,15,0.0300576740332497
CT,72294,16,0.0202353145341083
CT,91871,17,0.0257149774747982
DE,54811,0,0.0566714676101744
DE,56247,1,0.0581562102254927
DE,57654,2,0.0596109684843735
DE,60363,3,0.0624119209529649
DE,58349,4,0.0603295590955477
DE,66980,5,0.0692535239373389
DE,62083,6,0.0641903034727054
DE,58850,7,0.0608475647015884
DE,52618,8,0.0544040298975052
DE,58432,9,0.0604153763915585
DE,64059,10,0.0662333754837562
DE,68793,11,0.0711280631863445
DE,66846,12,0.0691149755317312
DE,59514,13,0.0615341030696743
DE,48680,14,0.0503323610819597
DE,32805,15,0.0339185107907495
DE,20250,16,0.0209373523399688
DE,19837,17,0.020510333746566
DC,45617,0,0.0117038450249486
DC,37622,1,0.0096525869199775
DC,28573,2,0.0073309065457583
DC,36900,3,0.0094673450998663
DC,52924,4,0.0135785846088165
DC,83096,5,0.021319742775569
DC,80991,6,0.0207796679399262
DC,62212,7,0.0159615846437097
DC,43462,8,0.0111509418084117
DC,38787,9,0.0099514881948107
DC,36666,10,0.0094073082772818
DC,36676,11,0.0094098739534606
DC,33626,12,0.0086273427189188
DC,27984,13,0.0071797882188255
DC,21120,14,0.0054187080896796
DC,14419,15,0.0036994484822486
DC,9627,16,0.0024699764573553
DC,12153,17,0.0031180662601267
FL,1143183,0,0.0536722642618956
FL,1157587,1,0.0543485298243019
FL,1206247,2,0.0566331092651997
FL,1206422,3,0.0566413254880143
FL,1269823,4,0.059617992588967
FL,1436477,5,0.0674423720000516
FL,1351778,6,0.0634657671076431
FL,1318582,7,0.0619072200644856
FL,1250182,8,0.058695850690104
FL,1351855,9,0.0634693822456815
FL,1394517,10,0.0654723565183404
FL,1470580,11,0.0690435025523109
FL,1384021,12,0.0649795709488446
FL,1271880,13,0.0597145684194217
FL,1126022,14,0.0528665579777763
FL,833186,15,0.0391179532684721
FL,555564,16,0.0260836434957446
FL,571419,17,0.0268280332827449
GA,657414,0,0.0624949439016681
GA,685904,1,0.0652032539646703
GA,727758,2,0.0691819696325149
GA,728370,3,0.0692401474408181
GA,716652,4,0.0681262135230133
GA,767745,5,0.0729832049603236
GA,705501,6,0.0670661796334893
GA,705228,7,0.0670402277680207
GA,667374,8,0.0634417592132687
GA,718419,9,0.0682941876852219
GA,693019,10,0.0658796185170838
GA,682347,11,0.0648651192193527
GA,603335,12,0.0573540979944341
GA,500976,13,0.0476236694321722
GA,394443,14,0.0374964530073982
GA,259740,15,0.0246913462886693
GA,158617,16,0.0150784140843531
GA,146633,17,0.0139391937335276
HI,87704,0,0.0617420314525048
HI,86869,1,0.0611542065384434
HI,81954,2,0.0576941353377107
HI,77179,3,0.0543326216075991
HI,90951,4,0.0640278607889807
HI,103977,5,0.0731979294483386
HI,99029,6,0.0697146268438167
HI,96796,7,0.0681426351874106
HI,83714,8,0.0589331435398042
HI,85505,9,0.0601939751818209
HI,85119,10,0.05992223815568
HI,90807,11,0.0639264873906276
HI,89920,12,0.0633020554160498
HI,82492,13,0.0580728776176688
HI,66441,14,0.0467732636109627
HI,42395,15,0.0298453140498602
HI,28595,16,0.0201303633743544
HI,41044,17,0.0288942344583669
ID,116339,0,0.0663199574964884
ID,122965,1,0.0700971606559769
ID,131036,2,0.0746980973749977
ID,124506,3,0.0709756197668692
ID,114894,4,0.0654962239369562
ID,119176,5,0.0679372115507397
ID,112206,6,0.0639639084988781
ID,115383,7,0.0657749822141958
ID,104646,8,0.0596542713292836
ID,101672,9,0.0579589193527791
ID,98253,10,0.0560098916434083
ID,108608,11,0.0619128404385341
ID,106242,12,0.0605640836206425
ID,94545,13,0.053896117222131
ID,73696,14,0.0420109815939729
ID,50168,15,0.0285986610481767
ID,30454,16,0.0173605410532844
ID,29419,17,0.0167705312026852
IL,760619,0,0.0596981574560398
IL,778102,1,0.061070333127176
IL,819148,2,0.0642918810650275
IL,828205,3,0.0650027313226194
IL,847502,4,0.0665172811096077
IL,903780,5,0.070934332097436
IL,866001,6,0.0679691988434261
IL,854521,7,0.0670681763241421
IL,785204,8,0.0616277427031303
IL,817893,9,0.0641933807809071
IL,821957,10,0.0645123490316362
IL,867598,11,0.0680945414360478
IL,797589,12,0.0625997953077761
IL,649574,13,0.0509826482527384
IL,492679,14,0.0386685430120524
IL,348421,15,0.0273462689191183
IL,235613,16,0.0184923884003554
IL,266674,17,0.0209302508107633
IN,418544,0,0.0625450732963153
IN,430106,1,0.0642728394032288
IN,448590,2,0.0670349937640824
IN,455653,3,0.0680904523363994
IN,471214,4,0.0704158085368562
IN,458859,5,0.0685695405684324
IN,418579,6,0.062550303517189
IN,425918,7,0.0636470061169675
IN,396284,8,0.0592186528206282
IN,419086,9,0.062626067002417
IN,420738,10,0.0628729334276566
IN,450922,11,0.0673834759091543
IN,422364,12,0.0631159145459615
IN,350525,13,0.0523806620503243
IN,265056,14,0.0396086121115776
IN,185913,15,0.0277818872370357
IN,122717,16,0.0183382004274435
IN,130810,17,0.0195475769283301
IA,198218,0,0.062803831889853
IA,201115,1,0.0637217238118021
IA,208564,2,0.066081881535861
IA,214122,3,0.0678428906149749
IA,227778,4,0.0721696880213045
IA,204286,5,0.0647264305030346
IA,193429,6,0.0612864744807352
IA,202104,7,0.0640350807710039
IA,177831,8,0.0563443694760539
IA,182267,9,0.0577498815802189
IA,189064,10,0.0599034581744502
IA,213907,11,0.0677747695368876
IA,203630,12,0.0645185820043122
IA,172693,13,0.054716434130878
IA,128180,14,0.0406128362290072
IA,92687,15,0.0293671551845685
IA,67179,16,0.0212851437433958
IA,79091,17,0.0250593683116587
KS,189335,0,0.065029941559434
KS,197621,1,0.0678758923649453
KS,200446,2,0.0688461809270463
KS,200274,3,0.0687871049508759
KS,213020,4,0.0731649095570847
KS,195035,5,0.0669876919325229
KS,187849,6,0.06451955260252
KS,189972,7,0.0652487287502512
KS,166350,8,0.0571353990461978
KS,166989,9,0.0573548731669703
KS,168948,10,0.058027721058353
KS,191689,11,0.065838458117022
KS,181736,12,0.0624199511936267
KS,150262,13,0.051609734484399
KS,112595,14,0.0386724391680591
KS,78411,15,0.0269314323691699
KS,55437,16,0.0190406679706887
KS,65536,17,0.0225093207808333
KY,275412,0,0.0616354571500057
KY,276726,1,0.0619295220080915
KY,285788,2,0.0639575400780861
KY,287105,3,0.0642522763171264
KY,301530,4,0.0674804997401756
KY,310326,5,0.0694489886988682
KY,274781,6,0.0614942433559022
KY,283045,7,0.0633436740919908
KY,268904,8,0.0601790080659708
KY,285632,9,0.0639226282684503
KY,291182,10,0.0651646830343376
KY,307881,11,0.0689018132209233
KY,289464,12,0.0647802055410413
KY,245059,13,0.054842648445686
KY,190146,14,0.0425534676602508
KY,130899,15,0.0292943651891661
KY,83904,16,0.0187771825363967
KY,80618,17,0.0180417965975308
LA,307019,0,0.0658842166207652
LA,301567,1,0.0647142540157915
LA,307358,2,0.0659569637453224
LA,296013,3,0.0635224028954643
LA,309308,4,0.0663754206564924
LA,343819,5,0.0737812496110497
LA,323363,6,0.0693915293162328
LA,313687,7,0.0673151246636787
LA,269839,8,0.0579056381811245
LA,275446,9,0.0591088627457039
LA,287860,10,0.0617728238201983
LA,312333,11,0.0670245653520253
LA,293933,12,0.063076048856883
LA,242885,13,0.0521214907023166
LA,185061,14,0.0397128484297565
LA,126634,15,0.0271748064046654
LA,82803,16,0.0177689680080035
LA,81050,17,0.0173927859745261
ME,64282,0,0.0480288462975305
ME,67596,1,0.0505049297521526
ME,73235,2,0.0547181568495013
ME,77391,3,0.0578233478082851
ME,75024,4,0.0560548235062059
ME,80641,5,0.0602516131153224
ME,79699,6,0.0595477897555596
ME,78163,7,0.058400154213526
ME,74220,8,0.0554541080271727
ME,85710,9,0.0640389598357447
ME,94463,10,0.0705788386765132
ME,107152,11,0.080059533593743
ME,104829,12,0.0783238842681283
ME,91727,13,0.0685346128672658
ME,71640,14,0.053526438952663
ME,47585,15,0.0355535398878067
ME,31628,16,0.0236311308095314
ME,33419,17,0.0249692917833479
MD,364504,0,0.060321199830937
MD,370444,1,0.0613042011889352
MD,378506,2,0.0626383690253293
MD,381504,3,0.0631345033807634
MD,376550,4,0.0623146736286552
MD,418434,5,0.0692459916216511
MD,416178,6,0.0688726496917447
MD,407402,7,0.0674203231062578
MD,366399,8,0.0606348004325206
MD,397341,9,0.0657553438700929
MD,421586,10,0.0697676111974777
MD,432313,11,0.0715428057374182
MD,380421,12,0.0629552793957951
MD,307278,13,0.0508509581284448
MD,238174,14,0.0394150446868446
MD,162850,15,0.026949793122896
MD,104431,16,0.0172821237065837
MD,118403,17,0.0195943282476528
MA,360161,0,0.0521809946438421
MA,370010,1,0.0536079415266173
MA,389142,2,0.0563798318465742
MA,455406,3,0.065980320042352
MA,494067,4,0.0715816190001114
MA,507860,5,0.0735799821186126
MA,485053,6,0.0702756489319486
MA,440081,7,0.06375999706758
MA,400571,8,0.0580356929414303
MA,443793,9,0.0642978005835574
MA,477738,10,0.0692158340829791
MA,492474,11,0.0713508213166653
MA,446693,12,0.0647179595804147
MA,367250,13,0.0532080660675393
MA,286579,14,0.0415202569518566
MA,193337,15,0.0280111310260036
MA,132082,16,0.0191363588354873
MA,159852,17,0.0231597434364283
MI,572163,0,0.0572396824102646
MI,586648,1,0.0586887743643278
MI,619422,2,0.0619675137293584
MI,653747,3,0.0654014164786315
MI,694627,4,0.0694910871090841
MI,694454,5,0.069473780039146
MI,602197,6,0.0602443098005535
MI,599690,7,0.0599935073477516
MI,563499,8,0.0563729283412274
MI,629912,9,0.063016942420979
MI,660148,10,0.0660417780663401
MI,716278,11,0.0716570719138768
MI,686526,12,0.0686806560479956
MI,571956,13,0.0572189739508589
MI,432746,14,0.043292284898381
MI,302102,15,0.0302225459100042
MI,195814,16,0.0195894022708276
MI,213986,17,0.0214073449003918
MN,355291,0,0.0633184220285968
MN,360434,1,0.0642349851965157
MN,370652,2,0.0660559928670962
MN,357809,3,0.0637671690744494
MN,360065,4,0.0641692236159281
MN,376534,5,0.0671042574118559
MN,384391,6,0.068504497896075
MN,383690,7,0.0683795687145251
MN,326575,8,0.0582007809766896
MN,336922,9,0.0600447784681259
MN,354569,10,0.0631897503180704
MN,394922,11,0.0703812870699723
MN,359523,12,0.0640726307252005
MN,294482,13,0.0524813056222231
MN,215698,14,0.0384407626276046
MN,153154,15,0.0272944420415032
MN,104784,16,0.0186741502988944
MN,121684,17,0.0216859950466738
MS,185477,0,0.0621045159432519
MS,192967,1,0.0646124432033162
MS,206927,2,0.0692867642380957
MS,205933,3,0.0689539365082554
MS,206761,4,0.0692311813375389
MS,209411,5,0.0701184987259462
MS,184895,6,0.0619096409545526
MS,189869,7,0.0635751189507556
MS,175129,8,0.058639625250709
MS,184333,9,0.0617214627008602
MS,184460,10,0.0617639869681537
MS,198698,11,0.0665313926195284
MS,187195,12,0.0626797654803401
MS,157411,13,0.0527069877081429
MS,123174,14,0.0412431818866712
MS,85408,15,0.0285977371732412
MS,56141,16,0.018798070000971
MS,52341,17,0.01752569034967
MO,372713,0,0.0608366800229562
MO,377947,1,0.0616910081071393
MO,391940,2,0.0639750380807684
MO,391387,3,0.063884773764652
MO,409228,4,0.0667968997390333
MO,426568,5,0.0696272491810921
MO,396937,6,0.0647906814580446
MO,394342,7,0.0643671084014043
MO,350197,8,0.0571614696401767
MO,369939,9,0.0603838894028714
MO,381749,10,0.0623115956837661
MO,430286,11,0.0702341257223594
MO,399255,12,0.0651690407433209
MO,332509,13,0.0542743173373431
MO,260068,14,0.0424500183793164
MO,185960,15,0.0303536206600492
MO,123543,16,0.0201655052549175
MO,131884,17,0.0215269784207891
MT,62536,0,0.0588682158137258
MT,63526,1,0.059800151557227
MT,65281,2,0.0614522194661608
MT,64023,3,0.0602680021274493
MT,72513,4,0.0682600571398986
MT,71120,5,0.066948757654346
MT,66343,6,0.0624519323546439
MT,67394,7,0.0634412904015325
MT,59002,8,0.0555414876141974
MT,58886,9,0.0554322911028377
MT,61392,10,0.0577913122879022
MT,74523,11,0.0701521691039767
MT,76864,12,0.0723558676651244
MT,68722,13,0.0646914021867543
MT,50861,14,0.0478779634850631
MT,34678,15,0.0326441088011447
MT,21946,16,0.0206588503301782
MT,22695,17,0.0213639209078372
NE,132968,0,0.0689214769539535
NE,132340,1,0.0685959648944574
NE,133482,2,0.0691878992446876
NE,131579,3,0.0682015147714055
NE,137180,4,0.0711046884103194
NE,128475,5,0.0665926144009023
NE,127248,6,0.065956621889753
NE,128339,7,0.0665221213434318
NE,110972,8,0.0575202615707097
NE,109690,9,0.0568557608377893
NE,110281,10,0.057162094639003
NE,125547,11,0.0650749403400668
NE,117501,12,0.0609044466605987
NE,99312,13,0.0514765185552241
NE,73215,14,0.0379496264904617
NE,51194,15,0.0265354528245946
NE,36867,16,0.0191093202188602
NE,43078,17,0.0223286759537814
NV,185995,0,0.0612956401150544
NV,191607,1,0.0631451045217625
NV,197022,2,0.0649296465321554
NV,181098,3,0.0596818077558865
NV,182064,4,0.0600001581865494
NV,227464,5,0.0749619693170823
NV,217908,6,0.071812738762823
NV,210838,7,0.0694827827123193
NV,192315,8,0.0633784296821241
NV,201625,9,0.0664465896298171
NV,193714,10,0.0638394775625562
NV,194281,11,0.0640263354240322
NV,182280,12,0.0600713421337784
NV,160427,13,0.0528695699171366
NV,132825,14,0.0437731842161461
NV,88212,15,0.0290707331155632
NV,51355,16,0.0169243130089982
NV,43362,17,0.0142901774062151
NH,64020,0,0.0471964483972228
NH,69360,1,0.051133171834292
NH,76114,2,0.056112316046645
NH,85131,3,0.0627597758279283
NH,89682,4,0.0661148373189586
NH,85844,5,0.063285409500331
NH,83231,6,0.0613590689870236
NH,79847,7,0.0588643363819595
NH,74827,8,0.0551635214654637
NH,89868,9,0.0662519591465419
NH,100374,10,0.0739971307626185
NH,110921,11,0.0817725281578936
NH,101594,12,0.0748965319973047
NH,82879,13,0.0610995696143928
NH,64054,14,0.0472215136775337
NH,41515,15,0.0306054444737692
NH,26709,16,0.0196902521124871
NH,30488,17,0.022476184297634
NJ,518628,0,0.0582170775841554
NJ,533562,1,0.0598934503149794
NJ,558614,2,0.0627055897051362
NJ,557815,3,0.0626159002842223
NJ,551030,4,0.0618542698450472
NJ,583053,5,0.0654489185633528
NJ,572786,6,0.0642964263424228
NJ,581487,7,0.0652731317884452
NJ,557813,8,0.0626156757800398
NJ,602340,9,0.0676139246474162
NJ,633534,10,0.0711155163820702
NJ,646773,11,0.0726016218182145
NJ,572558,12,0.0642708328656163
NJ,451916,13,0.0507285160722544
NJ,358182,14,0.0402066785504214
NJ,253635,15,0.0284710591658323
NJ,172501,16,0.0193635979938306
NJ,202293,17,0.0227078122965431
NM,124246,0,0.0592938530934969
NM,134822,1,0.0643410319991906
NM,139941,2,0.0667839696711125
NM,139052,3,0.0663597126696789
NM,141547,4,0.067550400204636
NM,145687,5,0.0695261302225607
NM,138148,6,0.0659282972261514
NM,133594,7,0.0637549942064342
NM,117190,8,0.0559265219325121
NM,119283,9,0.0569253632193518
NM,121582,10,0.0580225137776149
NM,139264,11,0.0664608853179398
NM,134883,12,0.0643701429970393
NM,121673,13,0.0580659416596514
NM,96211,14,0.0459147248199413
NM,64896,15,0.0309702838751797
NM,42238,16,0.0201572184775616
NM,41171,17,0.0196480146299467
NY,1140442,0,0.0583578857436229
NY,1119326,1,0.0572773528315044
NY,1117870,2,0.0572028474365411
NY,1188292,3,0.0608064318624368
NY,1302338,4,0.0666423125451171
NY,1485577,5,0.0760188881410489
NY,1393216,6,0.0712926568332168
NY,1273063,7,0.0651442730962503
NY,1158801,8,0.0592973394154161
NY,1240014,9,0.0634531132074168
NY,1315115,10,0.0672961280886925
NY,1358693,11,0.0695260704662405
NY,1235928,12,0.0632440273256723
NY,1017063,13,0.0520444234323766
NY,792057,14,0.040530576661011
NY,559571,15,0.0286339686572792
NY,388524,16,0.0198812734015893
NY,456319,17,0.0233504308545672
NC,610128,0,0.0587586987967587
NC,628094,1,0.0604889239012984
NC,664208,2,0.0639669017163571
NC,684178,3,0.0658901230977251
NC,697871,4,0.0672088346838578
NC,728562,5,0.0701645476240463
NC,664586,6,0.064003305205699
NC,658604,7,0.0634272055410348
NC,637301,8,0.0613756088916967
NC,697294,9,0.0671532663945714
NC,680546,10,0.0655403414223556
NC,695970,11,0.0670257578763476
NC,647013,12,0.0623109281734116
NC,560023,13,0.0539333103484141
NC,450435,14,0.0433793802161481
NC,300671,15,0.0289562792166894
NC,192387,16,0.0185279314921001
NC,185749,17,0.0178886554014881
ND,54695,0,0.0719598145977315
ND,50206,1,0.066053834019448
ND,47648,2,0.0626883855188356
ND,47282,3,0.0622068553580756
ND,63579,4,0.0836481040736662
ND,61153,5,0.0804563221884099
ND,53647,6,0.0705810069242985
ND,49895,7,0.0656446649484197
ND,40507,8,0.0532932847593073
ND,39212,9,0.05158951001017
ND,40793,10,0.0536695624259121
ND,48475,11,0.0637764331771649
ND,46348,12,0.0609780324888136
ND,37277,13,0.0490437153077912
ND,26945,14,0.0354503556876474
ND,18962,15,0.0249474724271357
ND,14657,16,0.0192835725854091
ND,18796,17,0.0247290735017636
OH,694789,0,0.0594373110367458
OH,708148,1,0.0605801371870445
OH,737787,2,0.0631156731005637
OH,761897,3,0.0651782180877411
OH,758902,4,0.0649220039758955
OH,806886,5,0.0690269047915204
OH,738394,6,0.0631676003011949
OH,724205,7,0.0619537699062111
OH,666987,8,0.057058925481644
OH,732526,9,0.0626656088459997
OH,752351,10,0.0643615837265799
OH,821402,11,0.0702687091479645
OH,790146,12,0.0675948432782335
OH,655007,13,0.0560340690342619
OH,495368,14,0.0423773863628392
OH,349819,15,0.0299260649054078
OH,238491,16,0.0204022570110703
OH,256337,17,0.0219289338190822
OK,260429,0,0.0660471169864971
OK,267797,1,0.0679157074966035
OK,270110,2,0.0685023049246541
OK,264140,3,0.0669882596823447
OK,273690,4,0.0694102248522031
OK,280849,5,0.0712258110983828
OK,262369,6,0.0665391182880181
OK,261410,7,0.066295907335359
OK,228978,8,0.0580708628967363
OK,232318,9,0.0589179166838909
OK,227992,10,0.0578208045032828
OK,255026,11,0.0646768680008694
OK,238418,12,0.0604649310855806
OK,199427,13,0.050576465751764
OK,159219,14,0.0403793583643645
OK,112935,15,0.0286413231893147
OK,74776,16,0.0189638604755319
OK,73196,17,0.0185631583846025
OR,234214,0,0.0558888189193581
OR,242575,1,0.0578839448084371
OR,249214,2,0.0594681621003395
OR,246835,3,0.0589004782718358
OR,265773,4,0.0634195183492642
OR,302744,5,0.0722416447988684
OR,293741,6,0.0700933230216433
OR,294348,7,0.0702381671090337
OR,265419,8,0.063335045850193
OR,264308,9,0.0630699358319217
OR,248366,10,0.0592658098991747
OR,270029,11,0.064435097321148
OR,274456,12,0.0654914808052949
OR,253268,13,0.0604355392507194
OR,194924,14,0.0465133260139742
OR,127826,15,0.0305022080968083
OR,78648,16,0.0187672121665215
OR,84025,17,0.020050287385464
PA,702997,0,0.0548913646067091
PA,725614,1,0.0566573436838744
PA,755233,2,0.0589700524554425
PA,810300,3,0.0632697902563118
PA,815049,4,0.0636406013558147
PA,870748,5,0.0679896869382981
PA,830358,6,0.0648359576670992
PA,782766,7,0.0611198823149107
PA,715779,8,0.0558894078734698
PA,797593,9,0.0622776031345211
PA,855188,10,0.0667747320618471
PA,921795,11,0.0719755353687732
PA,888010,12,0.0693375372646025
PA,737898,13,0.057616502148034
PA,572852,14,0.0447293914450311
PA,407338,15,0.0318057383974152
PA,283299,16,0.0221205335182314
PA,334243,17,0.0260983395096142
RI,54413,0,0.051463376571788
RI,54840,1,0.0518672297281321
RI,58821,2,0.0556324274222914
RI,71426,3,0.0675541347658929
RI,76616,4,0.0724627949097478
RI,76369,5,0.0722291843017455
RI,69862,6,0.0660749161791897
RI,65405,7,0.06185952152386
RI,58781,8,0.0555945957448821
RI,66143,9,0.0625575159720613
RI,73227,10,0.069257506041246
RI,76974,11,0.0728013884225609
RI,72184,12,0.0682710450527988
RI,57725,13,0.0545958394612769
RI,44870,14,0.0424376841338674
RI,30741,15,0.0290745898809721
RI,21066,16,0.0199240529076009
RI,27852,17,0.0263421969800864
SC,292391,0,0.057510561793598
SC,306255,1,0.0602374802989776
SC,319554,2,0.0628532686142577
SC,323894,3,0.0637069058267034
SC,332074,4,0.0653158349506218
SC,354451,5,0.0697171805503678
SC,319439,6,0.0628306491950339
SC,316074,7,0.0621687853194855
SC,295323,8,0.0580872586385037
SC,320122,9,0.062964988876163
SC,326336,10,0.0641872242766556
SC,344755,11,0.0678100684738993
SC,333544,12,0.0656049701354825
SC,302279,13,0.0594554384656402
SC,247552,14,0.0486911518929405
SC,163274,15,0.0321144613421341
SC,97835,16,0.0192432250413886
SC,88975,17,0.0175005463081469
SD,62132,0,0.0704256802325911
SD,60762,1,0.0688728059984018
SD,60882,2,0.0690088241794987
SD,57674,3,0.0653726048048422
SD,59585,4,0.0675386943388099
SD,58754,5,0.0665967684347141
SD,57341,6,0.0649951543522984
SD,56007,7,0.0634830855724382
SD,47902,8,0.0542961909241869
SD,47241,9,0.0535469574433116
SD,49840,10,0.0564928845489014
SD,59311,11,0.0672281194919721
SD,57950,12,0.0656854466213651
SD,50160,13,0.056855599698493
SD,34890,14,0.0395472861539159
SD,23666,15,0.0268250522819884
SD,17147,16,0.0194358645939007
SD,20991,17,0.0237929803283706
TN,406574,0,0.0600551550145421
TN,412340,1,0.0609068524271013
TN,430114,2,0.0635322547529472
TN,425325,3,0.062824870273456
TN,445657,4,0.0658281154680717
TN,492464,5,0.0727419900413736
TN,438603,6,0.0647861672287042
TN,432883,7,0.063941264488531
TN,407384,8,0.0601748003326435
TN,442810,9,0.0654075843314855
TN,439985,10,0.064990302820823
TN,456537,11,0.0674352031976319
TN,429637,12,0.0634617969545097
TN,366920,13,0.0541978519972644
TN,294682,14,0.0435275575663847
TN,201335,15,0.0297392470616735
TN,126698,16,0.0187145956948365
TN,120062,17,0.0177343903480202
TX,2024126,0,0.0705225047379358
TX,2047747,1,0.0713454831910632
TX,2091419,2,0.072867057849417
TX,2032343,3,0.0708087929539024
TX,1998543,4,0.0696311683099118
TX,2159807,5,0.0752497618184476
TX,2076521,6,0.0723479971409503
TX,2030827,7,0.0707559740497519
TX,1850945,8,0.0644887114399789
TX,1847367,9,0.0643640504643517
TX,1705590,10,0.0594244028563321
TX,1712901,11,0.0596791251572852
TX,1521389,12,0.0530066621152752
TX,1226455,13,0.0427308767084485
TX,940074,14,0.0327530860820968
TX,627316,15,0.021856295300877
TX,407976,16,0.0142142778626252
TX,400499,17,0.0139537719613495
UT,253004,0,0.0800365694907319
UT,259078,1,0.0819580494795333
UT,266799,2,0.0844005498077413
UT,248985,3,0.0787651786321555
UT,260906,4,0.0825363282776118
UT,247231,5,0.0782103093696666
UT,217677,6,0.0688610470072965
UT,231359,7,0.0731892803307704
UT,203255,8,0.0642987183279265
UT,172668,9,0.0546226715025284
UT,149505,10,0.0472951705179043
UT,155362,11,0.0491480036253146
UT,144798,12,0.0458061342473597
UT,119503,13,0.0378041855616944
UT,90368,14,0.0285874717859736
UT,62027,15,0.0196219360002278
UT,40804,16,0.0129081444621422
UT,37776,17,0.0119502515734213
VT,29681,0,0.0473911023329113
VT,31272,1,0.0499314225314107
VT,33761,2,0.0539055626785289
VT,42285,3,0.0675156754202066
VT,46193,4,0.0737555065551757
VT,37533,5,0.0599282451353108
VT,36558,6,0.058371480714483
VT,36604,7,0.0584449280615169
VT,33997,8,0.0542823795024421
VT,38532,9,0.0615233299111127
VT,42187,10,0.0673592006373952
VT,48697,11,0.0777535969241528
VT,47792,12,0.0763086002053332
VT,41336,13,0.0660004247172676
VT,31557,14,0.0503864767467296
VT,20710,15,0.0330672729798387
VT,13183,16,0.0210490516510485
VT,14421,17,0.0230257432951354
VA,510924,0,0.0599839040772229
VA,514457,1,0.0603986881412027
VA,528362,2,0.062031173963348
VA,542284,3,0.0636656556329566
VA,578812,4,0.0679541448175179
VA,604186,5,0.0709331232606043
VA,586120,6,0.0688121244211309
VA,578634,7,0.0679332471205498
VA,526249,8,0.0617831018639454
VA,558081,9,0.0655202675374823
VA,567303,10,0.0666029560848986
VA,583042,11,0.0684507586274909
VA,523830,12,0.0614991045102044
VA,432802,13,0.0508121631640522
VA,346236,14,0.0406490730756068
VA,235193,15,0.0276123148484594
VA,149278,16,0.0175256539775772
VA,151892,17,0.0178325448757497
WA,462701,0,0.0614020851184731
WA,466916,1,0.0619614307623649
WA,462802,2,0.0614154881813517
WA,447049,3,0.0593250084830772
WA,481263,4,0.0638653292090826
WA,589604,5,0.0782425691627903
WA,563753,6,0.074812048583847
WA,536144,7,0.0711482350886613
WA,466725,8,0.0619360843761292
WA,474408,9,0.0629556460800487
WA,459123,10,0.0609272716632312
WA,491676,11,0.0652471717215013
WA,469195,12,0.0622638622504857
WA,401689,13,0.0533055735110889
WA,307119,14,0.0407557947346134
WA,198092,15,0.0262875201162059
WA,123949,16,0.0164484776310179
WA,133383,17,0.0177004033260298
WV,95257,0,0.0527496467002468
WV,101043,1,0.0559537099796659
WV,104388,2,0.0578060417580373
WV,107227,3,0.0593781702838359
WV,113094,4,0.0626270882341214
WV,113614,5,0.0629150441458563
WV,101748,6,0.0563441117446141
WV,109230,7,0.0604873543053839
WV,107530,8,0.0595459599785584
WV,116488,9,0.0645065543195602
WV,117965,10,0.0653244598611609
WV,127758,11,0.0707474449450447
WV,130612,12,0.0723278798913742
WV,119700,13,0.0662852358358917
WV,93137,14,0.0515756725985584
WV,64373,15,0.0356472805886705
WV,42768,16,0.0236832662174554
WV,39900,17,0.0220950786119639
WI,334382,0,0.0575175176414897
WI,349799,1,0.0601694174730561
WI,369348,2,0.0635320684302652
WI,378418,3,0.0650922118740161
WI,395921,4,0.0681029274965047
WI,374435,5,0.0644070904477251
WI,362942,6,0.0624301633695521
WI,371797,7,0.0639533243612184
WI,332919,8,0.05726586495591
WI,352344,9,0.0606071864988936
WI,385213,10,0.0662610293712914
WI,425757,11,0.0732350597774035
WI,394820,12,0.0679135429395511
WI,329181,13,0.0566228863238548
WI,242442,14,0.0417027890617259
WI,169120,15,0.0290905688210751
WI,116094,16,0.0199694920572014
WI,128636,17,0.0221268590992657
WY,35912,0,0.0621597716608076
WY,37847,1,0.065509046503859
WY,39104,2,0.0676847769832986
WY,36313,3,0.0628538591089025
WY,37966,4,0.0657150225794782
WY,38879,5,0.0672953264201531
WY,38899,6,0.0673299442479883
WY,39158,7,0.0677782451184536
WY,33555,8,0.0580800606504344
WY,32540,9,0.0563232058878002
WY,32340,10,0.0559770276094486
WY,39394,11,0.0681867354869084
WY,40455,12,0.0700232112535635
WY,33583,13,0.0581285256094036
WY,24585,14,0.0425539648663665
WY,16203,15,0.0280456332206523
WY,10323,16,0.0178679918371162
WY,10681,17,0.0184876509553655
PR,126621,0,0.0324868483439073
PR,163105,1,0.0418474613147346
PR,184834,2,0.0474224190837047
PR,205289,3,0.0526705097074924
PR,218348,4,0.0560210262294207
PR,215642,5,0.0553267542554305
PR,179107,6,0.0459530563360913
PR,193463,7,0.0496363410584133
PR,199040,8,0.0510672186633443
PR,205928,9,0.0528344564153193
PR,216303,10,0.0554963454508509
PR,218120,11,0.0559625288125435
PR,208138,12,0.0534014708508398
PR,188840,13,0.0484502289609422
PR,172973,14,0.0443792705679997
PR,126496,15,0.032454777391672
PR,86807,16,0.0222718652055312
PR,86099,17,0.0220902153320703
